"System ID","UPC","EAN","Custom SKU","Manufact. SKU","Item","Remaining","Total Cost","Avg. Cost","Sale Price","Margin"
"210000000007","","","https://www.usedgames.ca/vietnam-1965-1975.html","5620","Vietnam 1965-1975 (1984) (used)","1","$0.00","$0.00","$44.95","100%"
"210000000009","","","https://www.usedgames.ca/sixth-fleet.html","2073","Sixth Fleet: Modern Naval Combat in the Mediterranean (1985) (used)","1","$0.00","$0.00","$49.95","100%"
"210000000010","045708008729","","https://www.usedgames.ca/tac-air.html","3712","Tac Air (1987) (used)","1","$0.00","$0.00","$49.95","100%"
"210000000011","050758300280","","https://www.usedgames.ca/tokyo-express.html","1681","Tokyo Express: The Guadalcanal Naval Campaign – 1942 (1988) (used)","1","$0.00","$0.00","$99.95","100%"
"210000000012","","","https://www.usedgames.ca/sorry.html?source=bgg","2407","Sorry! (1929) (Made in 1972) (used)","1","$0.00","$0.00","$9.95","100%"
"210000000015","810270030825","","","","Unstable Unicorns (2017)","1","$0.00","$0.00","$9.95","100%"
"210000000016","810270030849","","","","Unstable Unicorns NSFW Expansion Pack (2017)","1","$0.00","$0.00","$4.95","100%"
"210000000017","088234837753","","","","Burgle Bros (2015)","1","$0.00","$0.00","$44.95","100%"
"210000000018","700304049018","","","","Codenames Disney (2017)","1","$0.00","$0.00","$14.95","100%"
"210000000024","210000000024","","https://www.usedgames.ca/caveman.html?source=bgg","32253","Caveman (2007) (used)","1","$0.00","$0.00","$39.95","100%"
"210000000025","069545046003","","https://www.usedgames.ca/sports-franchise.html?source=bgg","6676","Sports Franchise (1988) (used)","1","$0.00","$0.00","$29.95","100%"
"210000000029","029877004836","","https://www.usedgames.ca/the-settlers-of-catan-board-game-200334291487-used.html","13","CATAN (1995) (3rd ed 2003) (Settlers of Catan) (used)","1","$0.00","$0.00","$29.95","100%"
"210000000030","210000000030","","https://www.usedgames.ca/scrabble.html?source=bgg","320","Scrabble (1948) (Made in 1953) (used)","1","$0.00","$0.00","$14.95","100%"
"210000000031","631080119674","","https://www.usedgames.ca/ticked-off.html?source=bgg","69973","Ticked Off (2011) (used)","1","$0.00","$0.00","$14.95","100%"
"210000000032","071404310750","","https://www.usedgames.ca/pente.html?source=bgg","1295","Pente (1977) (Made in 2004) (used)","1","$0.00","$0.00","$19.95","100%"
"210000000033","032244041013","","https://www.usedgames.ca/hero-quest.html?source=bgg","699","HeroQuest (1989)","1","$0.00","$0.00","$199.95","100%"
"210000000034","669165001354","","https://www.usedgames.ca/pirates-of-the-caribbean.html?source=bgg","23694","Pirates of the Caribbean DVD Treasure Hunt (2006)","1","$0.00","$0.00","$14.95","100%"
"210000000036","","","https://www.usedgames.ca/napoleon-at-leipzig.html?source=bgg","10183","Napoleon at Leipzig (1979)","1","$0.00","$0.00","$59.95","100%"
"210000000038","046363030162","","https://www.usedgames.ca/napoleans-last-battles.html","4230","Napoleon's Last Battles (1976)  (Made in 1984) (used)","1","$0.00","$0.00","$59.95","100%"
"210000000039","","","https://www.usedgames.ca/operation-market-garden.html?source=bgg","6813","Operation Market Garden: Descent into Hell (1985)","1","$0.00","$0.00","$14.95","100%"
"210000000041","","","https://www.usedgames.ca/war-and-peace.html?source=bgg","626","War and Peace (1980)","1","$0.00","$0.00","$24.95","100%"
"210000000043","","","https://www.usedgames.ca/trivial-pursuit.html","2953","Trivial Pursuit: Genus II (1984)    (Master Game - Genus 2 Edition) (used)","1","$0.00","$0.00","$19.95","100%"
"210000000045","","","https://www.usedgames.ca/trivial-pursuit-34439241.html","16131","Trivial Pursuit: Baby Boomer Master Game (1981) (used)","1","$0.00","$0.00","$29.95","100%"
"210000000046","","","https://www.usedgames.ca/trivial-pursuit-34441214.html","4492","Trivial Pursuit: 20th Anniversary Edition (2002) (Canadian Edition) (used)","1","$0.00","$0.00","$29.95","100%"
"210000000048","210000000048","","https://www.usedgames.ca/trivial-pursuit-genus-4-card-set.html?source=bgg","1299","Trivial Pursuit: Genus IV (1996) (Card Set only)","1","$0.00","$0.00","$9.95","100%"
"210000000051","027084645200","","https://www.usedgames.ca/apples-to-apples-expansion-one.html","27645","Apples to Apples: Party Box Expansion ONE (2004) (Made in 2007)","1","$0.00","$0.00","$9.95","100%"
"210000000052","210000000052","","https://www.usedgames.ca/pass-out-25th-anniversary-edition.html?source=bgg","5650","Pass-out (1962) (25th Anniversary Edition) (Made in 1978) (used)","1","$0.00","$0.00","$19.95","100%"
"210000000054","021853039009","","https://www.usedgames.ca/family-feud.html?source=bgg","5312","Family Feud (1977)","1","$0.00","$0.00","$19.95","100%"
"210000000057","","","https://www.usedgames.ca/think-twice.html?source=bgg","18179","Think Twice (1974)","1","$0.00","$0.00","$24.95","100%"
"210000000060","210000000060","","https://www.usedgames.ca/pacific-fleet.html?source=bgg","9356","Pacific Fleet (1983)","1","$0.00","$0.00","$59.95","100%"
"210000000061","210000000061","","https://www.usedgames.ca/paydirt.html?source=bgg","1498","Paydirt (1970) (Made in 1979) (used)","1","$0.00","$0.00","$99.95","100%"
"210000000062","793573912619","","https://www.usedgames.ca/gross-abulary.html?source=bgg","175563","Gross-abulary (2011)","1","$0.00","$0.00","$19.95","100%"
"210000000063","210000000063","","https://www.usedgames.ca/righthofens-war-the-air-war.html","1711","Richthofen's War: The Air War 1916-1918 (1972) (used)","1","$0.00","$0.00","$39.95","100%"
"210000000065","05075830013","","https://www.usedgames.ca/pacific-war-the-struggle-against-japan-1941-1945-3.html?source=bgg","5622","Pacific War: The Struggle Against Japan 1941-1945 (1985) (used)","1","$0.00","$0.00","$49.95","100%"
"210000000066","210000000066","","https://www.usedgames.ca/assault-tactical-combat-in-europe-1985.html","8284","Assault: Tactical Combat in Europe – 1985 (1983) (used)","1","$0.00","$0.00","$34.95","100%"
"210000000067","008636200314","","https://www.usedgames.ca/auction-house-and-club-house-golf.html","134567","Auction House and Club House Golf (1991) (NIS)","1","$0.00","$0.00","$29.95","100%"
"210000000069","050758300310","","https://www.usedgames.ca/3rd-fleet.html?source=bgg","4921","3rd Fleet: Modern Naval Combat in the North Pacific, Caribbean, and Atlantic Oceans (1990) (used)","1","$0.00","$0.00","$199.95","100%"
"210000000070","050758300129","","https://www.usedgames.ca/sixth-fleet-34574605.html?source=bgg","2073","Sixth Fleet: Modern Naval Combat in the Mediterranean (1985) (used)","1","$0.00","$0.00","$39.95","100%"
"210000000072","210000000072","","https://www.usedgames.ca/atlantic-wall-the-invasion-of-europe-june-1944.html?source=bgg","5485","Atlantic Wall: The Invasion of Europe June 1944 (1978) (used)","1","$0.00","$0.00","$179.95","100%"
"210000000076","893477000037","","https://www.usedgames.ca/birthday-gamesake.html?source=bgg","16701","Birthday Gamesake (2004)","1","$0.00","$0.00","$19.95","100%"
"210000000077","772940000005","","https://www.usedgames.ca/mindtrap.html?source=bgg","1923","Mindtrap (1991)","1","$0.00","$0.00","$9.95","100%"
"210000000079","029877004638","","https://www.usedgames.ca/alibi.html?source=bgg","1417","Alibi (1993)","1","$0.00","$0.00","$9.95","100%"
"210000000080","66916500029","","https://www.usedgames.ca/family-feud-dvd-game.html?source=bgg","200447","Family Feud: DVD Game (2006) (used)","1","$0.00","$0.00","$4.95","100%"
"210000000083","210000000083","","https://www.usedgames.ca/eagle-eye-agency.html?source=bgg","7918","Eagle Eye Agency (1982)","1","$0.00","$0.00","$49.95","100%"
"210000000084","210000000084","","https://www.usedgames.ca/clue.html?source=bgg","1294","Clue (1949) (Made in 1969) (used)","1","$0.00","$0.00","$39.95","100%"
"210000000085","210000000085","","https://www.usedgames.ca/too-bad.html?source=bgg","67488","Too Bad! (2010)","1","$0.00","$0.00","$14.95","100%"
"210000000086","069545229956","","https://www.usedgames.ca/who-wants-to-be-a-millionaire.html?source=bgg","54152","Who Wants to be a Millionaire? (2000)","1","$0.00","$0.00","$24.95","100%"
"210000000088","4010350101223","","https://www.usedgames.ca/cubo.html?source=bgg","166532","Cubo (2014)","1","$0.00","$0.00","$4.95","100%"
"210000000091","210000000091","","https://www.usedgames.ca/endeavor-eleven.html","16013","Endeavor Eleven (1984) Used","1","$4.39","$4.39","$59.95","92.68%"
"210000000092","210000000092","","https://www.usedgames.ca/the-game-of-life-2007.html?source=bgg","2921","The Game of Life (1960)","1","$0.00","$0.00","$29.95","100%"
"210000000095","056297604520","","https://www.usedgames.ca/slang-teasers-34678944.html?source=bgg","4574","Slang Teasers (1983) (2nd ed) (Made in 1992) (used)","1","$0.00","$0.00","$44.95","100%"
"210000000096","056297604506","","https://www.usedgames.ca/slang-teasers-1st-edition.html?source=bgg","4574","Slang Teasers (1983) (1st ed) (used)","1","$0.00","$0.00","$39.95","100%"
"210000000098","794764014259","","https://www.usedgames.ca/kids-battle-the-grown-ups.html?source=bgg","13137","Kids Battle the Grown-Ups (2002)","1","$0.00","$0.00","$29.95","100%"
"210000000102","210000000102","","https://www.usedgames.ca/slang-teasers-1st-edition.html?source=bgg","4574","Slang Teasers (1983) (1st ed) (used)","1","$0.00","$0.00","$44.95","100%"
"210000000104","069545470105","","https://www.usedgames.ca/scribbage.html?source=bgg","14092","Scribbage (1990)","1","$0.00","$0.00","$9.95","100%"
"210000000105","210000000105","","https://www.usedgames.ca/flux.html?source=bgg","4279","Flux (1986)","1","$0.00","$0.00","$34.95","100%"
"210000000106","210000000106","","https://www.usedgames.ca/iq-2000-transcanada-trivia.html?source=bgg","349676","I.Q. 2000 Trans Canada Trivia","1","$0.00","$0.00","$34.95","100%"
"210000000107","653569431121","","https://www.usedgames.ca/clue-secrets-and-spies.html","41095","Clue: Secrets & Spies (2009) (used)","1","$0.00","$0.00","$19.95","100%"
"210000000109","724843279132","","https://www.usedgames.ca/tiles.html?source=bgg","4061","Tiles (1990)","1","$0.00","$0.00","$14.95","100%"
"210000000110","838270000013","","https://www.usedgames.ca/rummoli-deluxe.html?source=bgg","9794","Rummoli (1940) (Rummoli Deluxe) (Made in 1995) (used)","1","$0.00","$0.00","$9.95","100%"
"210000000113","210000000113","","https://www.usedgames.ca/chess-3-d.html","30660","Chess 3-D (2001)","1","$0.00","$0.00","$39.95","100%"
"210000000117","210000000117","","https://www.usedgames.ca/scrabble-original.html?source=bgg","320","Scrabble (1948) (Scrabble Original) (Made in 2001) (used)","1","$0.00","$0.00","$34.95","100%"
"210000000118","683308444440","","https://www.usedgames.ca/word-fall.html","none","Word Fall (2000)","1","$0.00","$0.00","$14.95","100%"
"210000000119","9780985914806","","https://www.usedgames.ca/disaster-looms.html","112445","Disaster Looms! (2012) (used)","1","$0.00","$0.00","$29.95","100%"
"210000000121","653569314752","","https://www.usedgames.ca/trivial-pursuit-25th-anniversary-edition.html?source=bgg","37988","Trivial Pursuit: 25th Anniversary Edition (2008) (used)","1","$0.00","$0.00","$19.95","100%"
"210000000123","859961000099","","https://www.usedgames.ca/oasis.html?source=bgg","9027","Oasis (2004)","1","$0.00","$0.00","$24.95","100%"
"210000000127","0262830186204","","https://www.usedgames.ca/master-builder.html?source=bgg","37738","Master Builder (2008)","1","$0.00","$0.00","$49.95","100%"
"210000000128","056297602205","","https://www.usedgames.ca/yuk-yuks-comedy-game.html","16578","Mark Breslin's Yuk Yuk's Comedy Game (1990) (used)","1","$0.00","$0.00","$34.95","100%"
"210000000130","661141000184","","https://www.usedgames.ca/5-vs-5-canadian-city-challenge.html?source=bgg","14064","The Canadian City Challenge  (2001) (5 vs 5) (nis)","1","$0.00","$0.00","$14.95","100%"
"210000000131","073000000455","","https://www.usedgames.ca/clue-34982457.html?source=bgg","1294","Clue (1949) (Made in 1996) (used)","1","$0.00","$0.00","$34.95","100%"
"210000000132","093514273367","","https://www.usedgames.ca/blurt.html?source=bgg","1607","Blurt! (1992) (used)","1","$2.00","$2.00","$5.95","66.39%"
"210000000133","759751001001","","https://www.usedgames.ca/eagle-kingdoms.html?source=bgg","1148","Eagle Kingdoms (1994)","1","$0.00","$0.00","$14.95","100%"
"210000000134","020315009086","","https://www.usedgames.ca/clever-endeavor.html?source=bgg","4922","Clever Endeavor (1989)","1","$0.00","$0.00","$19.95","100%"
"210000000135","772603010013","","https://www.usedgames.ca/lady-luck.html?source=bgg","8928","Lady Luck (1986) (used)","1","$0.00","$0.00","$18.95","100%"
"210000000136","85996100303","","https://www.usedgames.ca/california.html?source=bgg","21464","California (2006)","1","$0.00","$0.00","$14.95","100%"
"210000000140","027084105636","","https://www.usedgames.ca/scene-it-jr-dvd-game.html?source=bgg","13879","Scene it? Jr. (2003) (dvd game) (used)","1","$0.00","$0.00","$29.95","100%"
"210000000141","210000000141","","https://www.usedgames.ca/garage-sale.html?source=bgg","145419","Garage Sale (2013) (used)","1","$0.00","$0.00","$29.95","100%"
"210000000143","018886010457","","https://www.usedgames.ca/dirty-minds.html?source=bgg","2956","Dirty Minds: The Game of Naughty Clues (1990) (made in 2006) (used)","1","$0.00","$0.00","$19.95","100%"
"210000000144","210000000144","","https://www.usedgames.ca/split-level-aggravation.html?source=bgg","10289","Split-Level Aggravation (1971)","1","$0.00","$0.00","$19.95","100%"
"210000000145","653569601210","","https://www.usedgames.ca/clue-world-of-harry-potter.html","38026","Clue World of Harry Potter (2008)","1","$0.00","$0.00","$29.95","100%"
"210000000147","021853056587","","https://www.usedgames.ca/wheel-of-fortune-deluxe-25th-silver-anniversary-ed.html?source=bgg","51495","Wheel Of Fortune Deluxe (1986) (25th Silver Anniversary Edition) (Made in 2007) (used)","1","$0.00","$0.00","$24.95","100%"
"210000000149","667792000177","","https://www.usedgames.ca/cranium-hoopla.html?source=bgg","4424","Cranium: Hoopla (2002) (used)","1","$0.00","$0.00","$29.95","100%"
"210000000150","700304046239","","https://www.usedgames.ca/monopoly-the-legend-of-zelda-collectors-edition.html?source=bgg","163576","Monopoly: The Legend of Zelda (2014) (Collectors Edition) (used)","1","$0.00","$0.00","$59.95","100%"
"210000000152","699788109212","","https://www.usedgames.ca/warrior-knights.html?source=bgg","22038","Warrior Knights (2006) (used)","1","$0.00","$0.00","$69.95","100%"
"210000000153","","","https://www.usedgames.ca/face-off.html?source=bgg","1996","Face Off (1974)","1","$0.00","$0.00","$49.95","100%"
"210000000154","210000000154","","https://www.usedgames.ca/childrens-chess.html","none","Children's Chess","1","$0.00","$0.00","$19.95","100%"
"210000000155","","","https://www.usedgames.ca/waterworks.html","333","Waterworks (1972) (used)","1","$0.00","$0.00","$9.95","100%"
"210000000157","659390099998","","https://www.usedgames.ca/whadya-know.html","7552","Whad'Ya Know? (2003) (used)","1","$0.00","$0.00","$4.95","100%"
"210000000158","655132001892","","https://www.usedgames.ca/the-yeti-slalom.html?source=bgg","2887","The Yeti Slalom (2001)","1","$0.00","$0.00","$9.95","100%"
"210000000161","32898880002725","","https://www.usedgames.ca/war-and-sheep.html","4327","War & Sheep (2002) (used)","1","$0.00","$0.00","$4.95","100%"
"210000000162","749501002037","","https://www.usedgames.ca/cribb-derby.html?source=bgg","3591","Cribb Derby (1991)","1","$0.00","$0.00","$49.95","100%"
"210000000165","210000025437","","https://www.usedgames.ca/the-target.html?source=bgg","80836","The Target (2010) NIS","1","$0.00","$0.00","$9.95","100%"
"210000000168","655132002660","","https://www.usedgames.ca/techno-witches.html?source=bgg","16373","Techno Witches (2005)","1","$0.00","$0.00","$4.95","100%"
"210000000169","210000025437","","https://www.usedgames.ca/costa-ruana.html?source=bgg","166888","Costa Ruana (2014) (made in 2018) (used)","1","$0.00","$0.00","$14.95","100%"
"210000000171","210000025437","","https://www.usedgames.ca/urbania.html?source=bgg","93541","Urbania (2012)","1","$0.00","$0.00","$19.95","100%"
"210000000172","210000025437","","https://www.usedgames.ca/fantahzee.html","197061","Fantahzee: Hordes & Heroes (2016) (used)","1","$0.00","$0.00","$14.95","100%"
"210000000264","3558380001218","","https://www.usedgames.ca/gold-und-rum-used.html?source=bgg","6824","Gold Und Rum (2003)","1","$0.01","$0.01","$14.95","99.93%"
"210000000639","4015566008502","","https://www.usedgames.ca/ahoy.html?source=bgg","20031","Ahoy (2005)","1","$0.00","$0.00","$14.95","100%"
"210000000641","4015682298009","","https://www.usedgames.ca/ghost-blitz.html?source=bgg","83195","Ghost Blitz (2010) (Made in 2013) (used)","1","$0.00","$0.00","$9.95","100%"
"210000000647","8437007925333","","https://www.usedgames.ca/kalua.html?source=bgg","69356","Kalua (2012)","1","$0.00","$0.00","$14.95","100%"
"210000000648","","","https://www.usedgames.ca/trivial-pursuit-millenium.html","3048","Trivial Pursuit: Millennium Edition (1999) (used)","1","$0.00","$0.00","$0.00",""
"210000000649","023332200085","","https://www.usedgames.ca/murder-a-la-carte-41137814.html?source=bgg","18849","Murder à la carte: Un-Happy Hour (1995) (used)","1","$0.00","$0.00","$14.95","100%"
"210000000650","807875000018","","https://www.usedgames.ca/franchisit.html?source=bgg","7957","Franchisit (2010)","1","$0.00","$0.00","$24.95","100%"
"210000000651","05959411114","","https://www.usedgames.ca/final-strategy.html?source=bgg","21434","Final Strategy","1","$0.00","$0.00","$34.95","100%"
"210000000652","9780978928889","","https://www.usedgames.ca/wealth-of-nations.html?source=bgg","32666","Wealth of Nations (2008)","1","$0.00","$0.00","$149.95","100%"
"210000000653","65513200926","","https://www.usedgames.ca/space-alert.html?source=bgg","38453","Space Alert (2008)","1","$0.00","$0.00","$34.95","100%"
"210000000654","","","https://www.usedgames.ca/pharaohs-bluff.html","42478","Pharaoh's Bluff (1997) (used)","1","$0.00","$0.00","$59.95","100%"
"210000000656","","","","","Monopoly Deluxe English Edition (1963)","1","$0.00","$0.00","$0.00",""
"210000000657","","","https://www.usedgames.ca/happiness.html?source=bgg","8933","Happiness (1972)","1","$0.00","$0.00","$24.95","100%"
"210000000658","","","https://www.usedgames.ca/the-game-of-love.html","28878","The Game of Love","1","$0.00","$0.00","$19.95","100%"
"210000000659","071404311023","","https://www.usedgames.ca/mona-lisa-mysteries-game.html?source=bgg","22991","Mona Lisa Mysteries (2006)","1","$0.00","$0.00","$14.95","100%"
"210000000662","073000460457","","https://www.usedgames.ca/trivial-pursuit-genus-4-card-set.html?source=bgg","1299","Trivial Pursuit: Genus IV (1996)","1","$0.00","$0.00","$19.95","100%"
"210000000663","655132001854","","https://www.usedgames.ca/babel.html?source=bgg","986","Babel (2000)","1","$0.00","$0.00","$49.95","100%"
"210000001201","824968818978","","https://www.usedgames.ca/memoir-44-air-pack-expansion-mightier-yet.html","31638","Memoir '44: Air Pack (2007) (Expansion Mightier Yet!) (NIS)","1","$0.01","$0.01","$179.95","99.99%"
"210000001206","7640131630115","","https://www.usedgames.ca/tschak-nib.html?source=bgg","104377","Tschak! (2011) NIS","1","$0.01","$0.01","$24.95","99.96%"
"210000001208","4005556271528","","https://www.usedgames.ca/adam-eva-46977959.html","9473","Adam & Eva (2004) (nis)","1","$0.01","$0.01","$24.95","99.96%"
"210000001210","","","https://www.usedgames.ca/password-volume-8.html?source=bgg","1549","Password (1962) (Volume 8)","1","$0.00","$0.00","$14.95","100%"
"210000001212","","","https://www.usedgames.ca/copy-of-password-volume-8.html?source=bgg","1549","Password (1962) (Volume 10th edition)","1","$0.00","$0.00","$14.95","100%"
"210000001217","","","https://www.usedgames.ca/hoax-1981.html?source=bgg","139","Hoax (1981)","1","$0.01","$0.01","$49.95","99.98%"
"210000001219","","","https://www.usedgames.ca/superpower-1986.html?source=bgg","3549","Superpower (1986)","1","$0.01","$0.01","$24.95","99.96%"
"210000001220","","","https://www.usedgames.ca/firepower-1984.html?source=bgg","3692","Firepower (1984)","1","$0.01","$0.01","$39.95","99.97%"
"210000001221","","","https://www.usedgames.ca/pattons-best-1987.html","4556","Patton's Best (1987)","1","$0.01","$0.01","$44.95","99.98%"
"210000001222","","","https://www.usedgames.ca/challenge-bridge-1973.html?source=bgg","4664","Challenge Bridge (1973)","1","$0.01","$0.01","$19.95","99.95%"
"210000001223","","","https://www.usedgames.ca/air-superiority.html?source=bgg","3613","Air Superiority (1987)","1","$0.01","$0.01","$24.95","99.96%"
"210000001224","","","https://www.usedgames.ca/moonstar-1981.html?source=bgg","1714","Moonstar (1981)","1","$0.01","$0.01","$59.95","99.98%"
"210000001225","","","https://www.usedgames.ca/221b-baker-street-the-master-detective-game-1975.html?source=bgg","1275","221B Baker Street: The Master Detective Game (1975)","1","$0.01","$0.01","$19.95","99.95%"
"210000001226","","","https://www.usedgames.ca/the-lord-og-the-rings-the-two-towers-2003.html","7467","The Lord of the Rings: The Two Towers Board Game (2003)","1","$0.01","$0.01","$19.95","99.95%"
"210000001227","","","https://www.usedgames.ca/bowl-bound-1973.html","3226","Bowl Bound (1973)","1","$0.01","$0.01","$99.95","99.99%"
"210000001230","","","https://www.usedgames.ca/attila-2000.html?source=bgg","827","Attila (2000)","1","$0.01","$0.01","$29.95","99.97%"
"210000001232","","","https://www.usedgames.ca/car-wars-deluxe-edtion-1985.html?source=bgg","2795","Car Wars (1981) (Deluxe Edition) (Made in 1985)","1","$0.01","$0.01","$39.95","99.97%"
"210000001233","","","https://www.usedgames.ca/diception-2011.html?source=bgg","93979","Diception (2011)","1","$0.01","$0.01","$19.95","99.95%"
"210000001235","","","https://www.usedgames.ca/intern-1979.html","1684","Intern (1979)","1","$0.01","$0.01","$29.95","99.97%"
"210000001237","","","https://www.usedgames.ca/word-power-1963.html?source=bgg","3610","Word Power (1963)","1","$0.01","$0.01","$19.95","99.95%"
"210000001238","","","https://www.usedgames.ca/richthofens-war-1972.html","1711","Richthofen's War: The Air War 1916-1918 (1972) (used)","1","$0.01","$0.01","$14.95","99.93%"
"210000001239","","","https://www.usedgames.ca/judge-dredd-1982.html?source=bgg","1098","Judge Dredd (1982)","1","$0.01","$0.01","$59.95","99.98%"
"210000001240","","","https://www.usedgames.ca/challenge-football-1973.html?source=bgg","8570","Challenge Football (1972) (used)","1","$0.01","$0.01","$19.95","99.95%"
"210000001241","","","https://www.usedgames.ca/facts-in-five-1964.html?source=bgg","1233","Facts in Five (1964)","1","$0.01","$0.01","$14.95","99.93%"
"210000001242","","","https://www.usedgames.ca/high-bid-1963.html?source=bgg","218","High-Bid (1963) (used)","1","$0.01","$0.01","$9.95","99.9%"
"210000001243","","","https://www.usedgames.ca/foil-1968.html?source=bgg","794","Foil (1968)","1","$0.01","$0.01","$9.95","99.9%"
"210000001244","","","https://www.usedgames.ca/jumpin-1964-63158023.html?source=bgg","336","Jumpin (1964)","1","$0.01","$0.01","$14.95","99.93%"
"210000001245","","","https://www.usedgames.ca/gold-1982.html?source=bgg","4404","Gold! (1981) (used)","1","$0.01","$0.01","$14.95","99.93%"
"210000001246","","","https://www.usedgames.ca/bureaucracy-1981.html?source=bgg","1724","Bureaucracy (1981)","1","$0.01","$0.01","$19.95","99.95%"
"210000001247","","","https://www.usedgames.ca/the-collector-1977.html?source=bgg","218","High-Bid (1963)  (Collector) (Made in 1977)","1","$0.01","$0.01","$24.95","99.96%"
"210000001248","","","https://www.usedgames.ca/basketball-strategy-1974.html?source=bgg","5304","Basketball Strategy (1974)","1","$0.01","$0.01","$19.95","99.95%"
"210000001260","","","https://www.usedgames.ca/luftwaffe-the-game-of-aerial-combat-over-germany-1.html","3646","Luftwaffe: The Game of Aerial Combat Over Germany 1943-45 (1970)","1","$0.01","$0.01","$24.95","99.96%"
"210000001261","","","https://www.usedgames.ca/lie-cheat-steal-1971.html","866","Lie, Cheat & Steal (1971)","1","$0.01","$0.01","$24.95","99.96%"
"210000001264","","","https://www.usedgames.ca/starlord-board-game-1977.html?source=bgg","2108","Starlord (1977) (used)","1","$0.01","$0.01","$44.95","99.98%"
"210000001265","","","https://www.usedgames.ca/usac-auto-racing-board-game-1979.html?source=bgg","1516","USAC Auto Racing (1979) (used)","1","$0.01","$0.01","$44.95","99.98%"
"210000001266","","","https://www.usedgames.ca/outlaw-trail-the-western-game-1972.html?source=bgg","1988","Outlaw Trail: The Western Game (1972)","1","$0.01","$0.01","$29.95","99.97%"
"210000001267","","","https://www.usedgames.ca/go-1978.html","188","Go (-2200) (1978)","1","$0.01","$0.01","$14.95","99.93%"
"210000001268","","","https://www.usedgames.ca/supermoney-1978.html?source=bgg","3011","Supermoney (1978)","1","$0.01","$0.01","$19.95","99.95%"
"210000001270","","","https://www.usedgames.ca/trivial-detective-1985.html?source=bgg","11917","Trivial Detective (1985)","1","$0.01","$0.01","$9.95","99.9%"
"210000001271","","","https://www.usedgames.ca/maneuver-1979.html?source=bgg","1228","Maneuver (1979)","1","$0.01","$0.01","$14.95","99.93%"
"210000001272","","","https://www.usedgames.ca/the-game-of-france-1940-german-blitzkrieg-in-the-w.html","746","The Game of France, 1940: German Blitzkrieg in the West (1971)","1","$0.01","$0.01","$29.95","99.97%"
"210000001273","","","https://www.usedgames.ca/down-with-the-king-1981.html?source=bgg","1593","Down with the King (1981)","1","$0.01","$0.01","$24.95","99.96%"
"210000001274","","","https://www.usedgames.ca/tannenberg-and-the-opening-battles-in-the-east-191.html","8071","Tannenberg and the Opening Battles in the East 1914 (1978)","1","$0.01","$0.01","$34.95","99.97%"
"210000001275","54250921913","","https://www.usedgames.ca/rampage-board-game-aka-terrror-at-meeple-city.html?source=bgg","97903","Rampage (2013)","1","$0.00","$0.00","$79.95","100%"
"210000001276","","","https://www.usedgames.ca/finance-board-game.html","2635","Finance and Fortune (1932)","1","$0.00","$0.00","$49.95","100%"
"210000001278","074299429798","","https://www.usedgames.ca/hilarium-board-game-nis.html?source=bgg","5272","Hilarium (2001) NIS","1","$0.00","$0.00","$29.95","100%"
"210000001284","","","https://www.usedgames.ca/lovers-wild-1981.html?source=bgg","19211","Lovers Wild (1981)","1","$0.01","$0.01","$39.95","99.97%"
"210000001285","","","https://www.usedgames.ca/ascension-chronicle-of-the-godslayer-2010.html?source=bgg","69789","Ascension: Chronicle of the Godslayer (2010)","1","$0.01","$0.01","$14.95","99.93%"
"210000001288","","","","","Disney Jungle Cruise Adventure Game (2020)","1","$0.01","$0.01","$24.95","99.96%"
"210000001289","704725644067","","704725644067","","Too Many Bones - Original Box (2017) NIS","1","$0.01","$0.01","$199.95","99.99%"
"210000001291","831112000516","","831112000516","NSG-101","Wits & Wagers  (2013) NIS","1","$0.00","$0.00","$24.95","100%"
"210000001293","","","https://www.usedgames.ca/the-anyville-horror-2001.html?source=bgg","4056","The Anyville Horror (2001)","1","$0.01","$0.01","$9.95","99.9%"
"210000001294","","","https://www.usedgames.ca/sucking-vacuum-2002.html","4606","Sucking Vacuum (2002)","1","$0.01","$0.01","$16.95","99.94%"
"210000001296","","","https://www.usedgames.ca/star-trek-deck-building-game-the-original-series-2.html?source=bgg","122690","Star Trek Deck Building Game: The Original Series (2012) NIS","1","$0.01","$0.01","$24.95","99.96%"
"210000001297","","","https://www.usedgames.ca/race-formula-90-2013-nis.html?source=bgg","125752","Race! Formula 90 (2013) NIS","1","$0.01","$0.01","$89.98","99.99%"
"210000001298","8033049930603","","https://www.usedgames.ca/comuni-2008-nis.html?source=bgg","37231","Comuni (2008) NIS Board Game","1","$0.01","$0.01","$39.95","99.97%"
"210000001299","","","https://www.usedgames.ca/origin-2013-nis.html?source=bgg","127095","Origin (2013) NIS","1","$0.01","$0.01","$24.95","99.96%"
"210000001300","","","","217","A La Carte (2010) NIS (Hidden)","1","$0.01","$0.01","$89.95","99.99%"
"210000001301","","","https://www.usedgames.ca/caprice-1999-nis.html?source=bgg","2096","Caprice (1999) NIS","1","$0.01","$0.01","$19.95","99.95%"
"210000001303","","","https://www.usedgames.ca/freibeuter-1998.html?source=bgg","461","Freibeuter (1998) (used)","1","$0.01","$0.01","$24.95","99.96%"
"210000001308","","","https://www.usedgames.ca/cosmic-encounter-cosmic-storm-2013-nis.html","143760","Cosmic Encounter: Cosmic Storm (2013) (NIS)","1","$0.01","$0.01","$39.95","99.97%"
"210000001309","","","https://www.usedgames.ca/dune-space-harvest-1984-nis.html?source=bgg","2949","Dune: Spice Harvest (1984) (used)","1","$0.01","$0.01","$324.95","100%"
"210000001310","","","https://www.usedgames.ca/dune-the-duel-1984-nis.html?source=bgg","2950","Dune: The Duel (1984) (NIS)","1","$0.01","$0.01","$169.95","99.99%"
"210000001311","681706714202","","https://www.usedgames.ca/the-battle-at-kembles-cascade-2014.html","197061","The Battle at Kemble's Cascade (2014) (used)","1","$0.01","$0.01","$16.95","99.94%"
"210000001312","","","https://www.usedgames.ca/among-the-stars-2012.html?source=bgg","110277","Among The Stars (2012)","1","$0.01","$0.01","$24.95","99.96%"
"210000001314","","","https://www.usedgames.ca/planes-2014.html?source=bgg","156976","Planes (2014)","1","$0.01","$0.01","$19.95","99.95%"
"210000001315","","","https://www.usedgames.ca/quits-1990-nis.html?source=bgg","7995","Quits (1990) NIS","1","$0.01","$0.01","$29.95","99.97%"
"210000001318","","","https://www.usedgames.ca/help-whos-got-my-mummy-2003.html","none","Help! Who's Got my Mummy (2003)","1","$0.01","$0.01","$39.95","99.97%"
"210000001319","","","https://www.usedgames.ca/trajan-2011.html?source=bgg","102680","Trajan (2011)","1","$0.01","$0.01","$34.95","99.97%"
"210000001322","","","https://www.usedgames.ca/bau-auf-1999.html?source=bgg","9163","Bau auf! (1999) (used)","1","$0.01","$0.01","$14.95","99.93%"
"210000001324","080742013193","","https://www.usedgames.ca/hacker-2-the-dark-side-1993-nis.html?source=bgg","1248","Hacker II: The Dark Side (1993) (NIS)","1","$0.01","$0.01","$49.95","99.98%"
"210000001344","","","","","Catan Starfarers","1","$0.00","$0.00","$69.95","100%"
"210000001345","","","https://www.usedgames.ca/stone-age-board-game-2008-edition.html?source=bgg","34635","Stone Age (2008)","1","$0.00","$0.00","$49.95","100%"
"210000001347","","","https://www.usedgames.ca/alien-artifacts-2017.html?source=bgg","181293","Alien Artifacts (2017)","1","$0.01","$0.01","$19.95","99.95%"
"210000001349","","","","","Quarriors! Qultimate Quedition (2019) NIS","1","$0.01","$0.01","$69.95","99.99%"
"210000001350","","","https://www.usedgames.ca/quebec-1759-2006.html?source=bgg","85","Quebec 1759 (1972)  (Made in 2006)","1","$0.01","$0.01","$24.95","99.96%"
"210000001351","","","","","Vikings on Board (2016)","1","$0.01","$0.01","$19.95","99.95%"
"210000001352","","","https://www.usedgames.ca/steam-park-2013.html?source=bgg","121410","Steam Park (2013)","1","$0.01","$0.01","$19.95","99.95%"
"210000001353","","","https://www.usedgames.ca/sword-and-skull-2005.html","14992","Sword & Skull (2005)","1","$0.01","$0.01","$14.95","99.93%"
"210000001354","35583800090778","","https://www.usedgames.ca/copy-of-bakong-2009.html?source=bgg","40629","Bakong (2009) (Used)","1","$0.01","$0.01","$12.95","99.92%"
"210000001356","","","https://www.usedgames.ca/x-bugs-microscopic-mayham-usarthropods-vs-flyborgs.html?source=bgg","2316","X-Bugs (2001) (X-Bugs: Microscopic Mayham - USArthropods Vs. Flyborgs) (NIS)","1","$0.01","$0.01","$14.95","99.93%"
"210000001358","","","https://www.usedgames.ca/the-kings-armory-2015-nis.html","145493","The King's Armory (2015) (NIS)","1","$0.01","$0.01","$59.95","99.98%"
"210000001359","","","https://www.usedgames.ca/swords-dragons-2000-nis.html","13006","Swords & Dragons (2000) (NIS)","1","$0.01","$0.01","$64.95","99.98%"
"210000001360","","","https://www.usedgames.ca/code-of-nine-2012-nis.html?source=bgg","159141","Code of Nine (2012) NIS","1","$0.01","$0.01","$19.95","99.95%"
"210000001361","","","https://www.usedgames.ca/pew-pew-2013-nis.html?source=bgg","146099","Pew Pew! (2013) NIS","1","$0.01","$0.01","$39.95","99.97%"
"210000001362","","","https://www.usedgames.ca/huns-2018-nis.html?source=bgg","233973","Huns (2018) NIS","1","$0.01","$0.01","$19.95","99.95%"
"210000001363","","","https://www.usedgames.ca/clash-of-the-gladiators-2002-nis.html?source=bgg","3242","Clash of the Gladiators (2002) NIS","1","$0.01","$0.01","$49.95","99.98%"
"210000001364","","","https://www.usedgames.ca/brain-quest-1993-nis.html?source=bgg","11167","Brain Quest (1993) NIS","1","$0.01","$0.01","$14.95","99.93%"
"210000001369","","","https://www.usedgames.ca/crystal-clans-bundle-2018-nis.html?source=bgg","228133","Crystal Clans (2018) (Bundle) (NIS)","1","$0.01","$0.01","$69.95","99.99%"
"210000001370","","","https://www.usedgames.ca/play-bridge-1989-nis.html?source=bgg","13557","Play Bridge (1989) NIS","1","$0.01","$0.01","$59.95","99.98%"
"210000001371","","","https://www.usedgames.ca/pirates-plunder-2000-nis.html","646","Pirate's Plunder (2000) (NIS)","1","$0.01","$0.01","$14.95","99.93%"
"210000001372","","","https://www.usedgames.ca/spiderman-dvd-blast-2007-nis.html","none","Spiderman DVD Blast (2007) NIS","1","$0.01","$0.01","$14.95","99.93%"
"210000001374","","","https://www.usedgames.ca/bioshock-infinite-the-siege-of-columbia-2013-nis.html?source=bgg","132428","Bioshock Infinite: The Siege of Columbia (2013) NIS","1","$0.01","$0.01","$49.95","99.98%"
"210000001375","","","https://www.usedgames.ca/league-of-pirates-2006-nis.html?source=bgg","23913","League of Pirates (2006) NIS","1","$0.01","$0.01","$14.95","99.93%"
"210000001376","","","","","Spell Smashers (2018) NIS","1","$0.01","$0.01","$39.95","99.97%"
"210000001377","","","https://www.usedgames.ca/princes-of-the-renaissance-2003-nis.html?source=bgg","8045","Princes of the Renaissance (2003) NIS","1","$0.01","$0.01","$49.95","99.98%"
"210000001378","","","https://www.usedgames.ca/igels-the-card-game.html?source=bgg","19508","Igels: The Card Game (2005)","1","$0.01","$0.01","$14.95","99.93%"
"210000001379","","","https://www.usedgames.ca/zoki-1998-nis.html?source=bgg","961","ZOKI (1996) (Made in 1998) (nis)","1","$0.01","$0.01","$59.95","99.98%"
"210000001380","","","https://www.usedgames.ca/tile-chess-1999-nis.html?source=bgg","581","Tile Chess (1999) NIS","1","$0.01","$0.01","$19.95","99.95%"
"210000001381","","","","","Squadron Scramble (2002) NIS","1","$0.01","$0.01","$19.95","99.95%"
"210000001383","","","https://www.usedgames.ca/oxford-dilemma-word-roll-1999-nis.html?source=bgg","9728","Oxford Dilemma: Word Roll (1999) NIS","1","$0.01","$0.01","$19.95","99.95%"
"210000001385","","","https://www.usedgames.ca/jago-1984-nis.html?source=bgg","1733","Jago (1984) NIS","1","$0.01","$0.01","$39.95","99.97%"
"210000001386","","","https://www.usedgames.ca/wiz-war-1997-nis.html?source=bgg","589","Wiz-War (1983) (Made in 1997) (NIS)","1","$0.01","$0.01","$59.95","99.98%"
"210000001387","","","https://www.usedgames.ca/magestorm-2010-nis.html?source=bgg","40816","Magestorm (2010) NIS","1","$0.01","$0.01","$39.95","99.97%"
"210000001389","","","https://www.usedgames.ca/das-ende-des-triumvirats-2005-nis.html?source=bgg","20134","Das Ende des Triumvirats (2005) NIS","1","$0.01","$0.01","$29.95","99.97%"
"210000001390","","","","","Unfair (2017)","1","$0.01","$0.01","$34.95","99.97%"
"210000001391","","","https://www.usedgames.ca/galactic-strike-force-2014.html?source=bgg","137811","Galactic Strike Force (2014)","1","$0.01","$0.01","$19.95","99.95%"
"210000001392","","","https://www.usedgames.ca/ghostbusters-2-kickstarter-extras-2017.html?source=bgg","195275","Ghostbusters: The Board Game II (2017) (Kickstarter Extras)","1","$0.01","$0.01","$149.95","99.99%"
"210000001398","","","https://www.usedgames.ca/lucky-five-1998.html?source=bgg","1172","Lucky Five (1998)","1","$0.01","$0.01","$29.95","99.97%"
"210000001399","","","https://www.usedgames.ca/abyss-2014.html?source=bgg","155987","Abyss (2014) (used)","1","$0.01","$0.01","$34.95","99.97%"
"210000001401","","","https://www.usedgames.ca/ys-bundle-2004-nis.html?source=bgg","12761","Ys (2004) (Bundle with Ys+) (NIS)","1","$0.01","$0.01","$49.95","99.98%"
"210000001405","","","","","Dokmus (2016) NIS","1","$0.01","$0.01","$34.95","99.97%"
"210000001406","","","https://www.usedgames.ca/bushido-der-weg-des-kriegers-2008-nis.html?source=bgg","38707","Bushido: Der Weg des Kriegers (2008) NIS","1","$0.01","$0.01","$29.95","99.97%"
"210000001408","","","","","Paris (2020)","1","$0.01","$0.01","$39.95","99.97%"
"210000001413","","","https://www.usedgames.ca/comanauts-2019.html?source=bgg","256883","Comanauts (2019)","1","$0.01","$0.01","$29.95","99.97%"
"210000001414","","","","","Elysium (2015)","1","$0.01","$0.01","$29.95","99.97%"
"210000001415","","","https://www.usedgames.ca/sophies-world-1998.html","55","Sophie's World (1998)","1","$0.01","$0.01","$19.95","99.95%"
"210000001417","","","https://www.usedgames.ca/voila-2015.html?source=bgg","180598","Voilà! (2015)","1","$0.01","$0.01","$19.95","99.95%"
"210000001419","","","https://www.usedgames.ca/simurgh-2015-nis.html?source=bgg","160559","Simurgh (2015) NIS","1","$0.01","$0.01","$49.95","99.98%"
"210000001420","","","","","Gen7: A Crossroads Game (2018)","1","$0.01","$0.01","$34.95","99.97%"
"210000001421","","","","","First Martians: Adventures on the Red Planet (2017)","1","$0.01","$0.01","$34.95","99.97%"
"210000001422","","","https://www.usedgames.ca/the-crow-fire-it-up-2016.html?source=bgg","204600","The Crow: Fire It Up! (2016)","1","$0.01","$0.01","$19.95","99.95%"
"210000001423","","","https://www.usedgames.ca/aztlan-2012.html?source=bgg","124490","Aztlán (2012)","1","$0.01","$0.01","$39.95","99.97%"
"210000001426","","","https://www.usedgames.ca/battleship-command-pirate-of-the-caribbean-2006.html?source=bgg","24009","Battleship Command: Pirates of the Caribbean (2006)","1","$0.01","$0.01","$14.95","99.93%"
"210000001428","","","https://www.usedgames.ca/word-for-word-1987.html","8846","Word for Word (1987)","1","$0.01","$0.01","$14.95","99.93%"
"210000001429","","","https://www.usedgames.ca/rock-science-2011-nis.html?source=bgg","104858","Rock Science (2011) NIS","1","$0.01","$0.01","$19.95","99.95%"
"210000001431","","","https://www.usedgames.ca/hi-spot-1969.html?source=bgg","4083","Hi-Spot (1969)","1","$0.01","$0.01","$9.95","99.9%"
"210000001432","","","https://www.usedgames.ca/crisis-1975.html?source=bgg","5696","Crisis (1975)","1","$0.01","$0.01","$24.95","99.96%"
"210000001433","","","https://www.usedgames.ca/scrabble-upper-hand-1981.html?source=bgg","13219","Scrabble Upper Hand (1981)","1","$0.01","$0.01","$19.95","99.95%"
"210000001434","","","https://www.usedgames.ca/asterix-the-board-game-1990.html?source=bgg","12588","Asterix: The Board Game (1990)","1","$0.01","$0.01","$4.95","99.8%"
"210000001435","","","https://www.usedgames.ca/attack-2003-nis.html?source=bgg","6752","Attack! (2003)","1","$0.01","$0.01","$24.95","99.96%"
"210000001440","","","https://www.usedgames.ca/all-ears-1992.html?source=bgg","12428","All Ears (1992)","1","$0.01","$0.01","$29.95","99.97%"
"210000001441","","","https://www.usedgames.ca/acquire-1968.html","5","Acquire (1964) (Made in 1968)","1","$0.01","$0.01","$24.95","99.96%"
"210000001442","","","https://www.usedgames.ca/aloha-2005.html?source=bgg","20018","Aloha (2005)","1","$0.01","$0.01","$24.95","99.96%"
"210000001443","","","https://www.usedgames.ca/azteca-1998.html?source=bgg","956","Azteca (1998)","1","$0.01","$0.01","$29.95","99.97%"
"210000001445","","","https://www.usedgames.ca/ultimate-auto-trivia-2002.html?source=bgg","13990","Ultimate Auto Trivia (2002)","1","$0.01","$0.01","$19.95","99.95%"
"210000001446","","","https://www.usedgames.ca/amuseamaze-2007.html?source=bgg","31887","Apples to Apples (1999)  (Made in 2007)","1","$0.01","$0.01","$14.95","99.93%"
"210000001447","","","https://www.usedgames.ca/amuseamaze-2007.html","31887","AmuseAmaze (2007)","1","$0.01","$0.01","$19.95","99.95%"
"210000001449","","","https://www.usedgames.ca/azuma-1992.html?source=bgg","5854","Azuma (1992)","1","$0.01","$0.01","$14.95","99.93%"
"210000001452","681706780085","","https://www.usedgames.ca/carcassonne-first-edition-expansion-8-castles-brid.html","66646","Carcassonne: Expansion 8 – Bridges, Castles and Bazaars (2010) (Made in 2013) (NIS)","1","$0.01","$0.01","$69.95","99.99%"
"210000001453","681706780054","","https://www.usedgames.ca/carcassonne-first-edition-expansion-5-abbey-mayor.html","31784","Carcassonne: Expansion 5 – Abbey & Mayor (2007) (Made in 2013) (NIS)","5","$0.05","$0.01","$24.95","99.96%"
"210000001454","","","https://www.usedgames.ca/expedition-1996-nis.html?source=bgg","223","Expeditions: Around the World (1996) (NIS)","1","$0.01","$0.01","$49.95","99.98%"
"210000001455","","","https://www.usedgames.ca/utopia-2007.html?source=bgg","31745","Utopia (2007)","1","$0.01","$0.01","$29.95","99.97%"
"210000001457","","","https://www.usedgames.ca/the-game-of-life-2007.html?source=bgg","2921","The Game of Life (1960) (Made in 2007)","1","$0.01","$0.01","$9.95","99.9%"
"210000001459","","","https://www.usedgames.ca/empires-of-the-ancient-world-2000-nis.html?source=bgg","870","Empires of the Ancient World (2000) (NIS)","1","$0.01","$0.01","$99.95","99.99%"
"210000001460","","","https://www.usedgames.ca/election-usa-2004-nis.html?source=bgg","13384","Election USA (2004) NIS","1","$0.01","$0.01","$29.95","99.97%"
"210000001461","","","https://www.usedgames.ca/key-largo-2005.html?source=bgg","18289","Key Largo (2005)","1","$0.01","$0.01","$19.95","99.95%"
"210000001462","","","https://www.usedgames.ca/edison-co-1998.html","417","Edison & Co. (1998)","1","$0.01","$0.01","$14.95","99.93%"
"210000001463","","","https://www.usedgames.ca/eti-estimated-time-to-invasion-2008.html?source=bgg","30370","E.T.I.: Estimated Time to Invasion (2008)","1","$0.01","$0.01","$39.95","99.97%"
"210000001465","","","https://www.usedgames.ca/snarf-quest-2001.html?source=bgg","2550","Snarf Quest (2001) NIS","1","$0.01","$0.01","$24.95","99.96%"
"210000001467","","","https://www.usedgames.ca/the-game-of-dilemmas.html?source=bgg","5299","Dilemmas (1982) (used)","1","$0.01","$0.01","$19.95","99.95%"
"210000001468","041187070202","","https://www.usedgames.ca/grand-master-1986.html?source=bgg","5515","Grand Master (1986) (used)","1","$0.01","$0.01","$49.95","99.98%"
"210000001470","","","https://www.usedgames.ca/ice-dice-2011.html?source=bgg","93001","IceDice (2011)","1","$0.01","$0.01","$24.95","99.96%"
"210000001473","","","https://www.usedgames.ca/octrix-1970.html?source=bgg","3951","Octrix (1970)","1","$0.01","$0.01","$14.95","99.93%"
"210000001475","","","https://www.usedgames.ca/grav-armor-1982.html?source=bgg","2153","Grav Armor (1982) (Incomplete) (used)","1","$0.01","$0.01","$19.95","99.95%"
"210000001476","","","https://www.usedgames.ca/star-viking-1981.html?source=bgg","1792","Star Viking (1981) (used)","1","$0.01","$0.01","$24.95","99.96%"
"210000001479","","","https://www.usedgames.ca/monopoly-championship-edition-2009.html?source=bgg","57702","Monopoly: Family Game Night Championship Edition (2009)","1","$0.01","$0.01","$9.95","99.9%"
"210000001480","","","https://www.usedgames.ca/200-games-2005.html","none","200 Games (2005)","1","$0.01","$0.01","$39.95","99.97%"
"210000001481","","","https://www.usedgames.ca/monsters-ravage-america-1998.html?source=bgg","285","Monsters Ravage America (1998)","1","$0.01","$0.01","$34.95","99.97%"
"210000001484","","","https://www.usedgames.ca/artifact-2004.html?source=bgg","12511","Artifact (2004)","1","$0.01","$0.01","$14.95","99.93%"
"210000001488","","","https://www.usedgames.ca/alphemo-1987.html?source=bgg","12017","Alphemo (1987)","1","$0.01","$0.01","$29.95","99.97%"
"210000001516","634482734681","","https://www.usedgames.ca/heroes-of-dominaria-premium-edition.html","248763","Magic: The Gathering – Heroes of Dominaria Board Game (2018) (Premium Edition)","2","$40.00","$20.00","$39.95","49.94%"
"210000001517","019372417514","","019372417514","ISK1","Broken Token ISK1 Tokens for Coup Game (30) (2012)","8","$0.00","$0.00","$5.95","100%"
"210000001521","","","https://www.usedgames.ca/dragon-dice-kicker-pack-5-swamp-stalkers.html?source=bgg","320909","Dragon Dice: Kicker Pack 5 – Swamp Stalkers (1996)","1","$0.01","$0.01","$34.95","99.97%"
"210000001525","","","https://www.usedgames.ca/shakespeare-the-bard-game.html?source=bgg","12372","Shakespeare: The Bard Game (2004) NIS","1","$0.01","$0.01","$34.95","99.97%"
"210000001526","","","https://www.usedgames.ca/liberte-1998-nis.html?source=bgg","2507","Liberté (1998) (NIS)","1","$0.01","$0.01","$39.95","99.97%"
"210000001527","","","https://www.usedgames.ca/20th-century-limited-2015-nis.html?source=bgg","118703","20th Century Limited (2015) NIS","1","$0.01","$0.01","$29.95","99.97%"
"210000001528","","","https://www.usedgames.ca/municipium-2008-nis.html?source=bgg","29410","Municipium (2008) NIS","1","$0.01","$0.01","$29.95","99.97%"
"210000001529","","","https://www.usedgames.ca/trias-2002-nis.html?source=bgg","4249","Trias (2002) NIS","1","$0.01","$0.01","$74.95","99.99%"
"210000001530","","","https://www.usedgames.ca/maharaja-1994-nis.html?source=bgg","1713","Maharaja (1994) NIS","1","$0.01","$0.01","$54.95","99.98%"
"210000001531","","","","","Mansions of Madness : 2nd Edition - Streets of Arkham Expansion (2017) NIS","1","$0.01","$0.01","$69.95","99.99%"
"210000001533","","","https://www.usedgames.ca/global-mogul-2013-nis.html?source=bgg","143782","Global Mogul (2013) NIS","1","$0.01","$0.01","$24.95","99.96%"
"210000001535","","","https://www.usedgames.ca/krone-schwert-2002-nis.html","4375","Krone & Schwert (2002) (NIS)","1","$0.01","$0.01","$29.95","99.97%"
"210000001536","","","https://www.usedgames.ca/moondragon-1997-nis.html?source=bgg","2595","MoonDragon (1997) NIS","1","$0.01","$0.01","$74.95","99.99%"
"210000001537","","","https://www.usedgames.ca/endeavor-2009-nis.html?source=bgg","33160","Endeavor (2009) NIS","1","$0.01","$0.01","$74.95","99.99%"
"210000001538","","","https://www.usedgames.ca/savannah-cafe-2001-nis.html?source=bgg","1330","Savannah Café (2001) (NIS)","1","$0.01","$0.01","$24.95","99.96%"
"210000001546","029877031177","","https://www.usedgames.ca/catan-traders-barbarians-game-cards-2008.html","27760","Catan Traders & Barbarians Game Cards (2008)","11","$0.11","$0.01","$9.95","99.9%"
"210000001547","681706784021","","https://www.usedgames.ca/carcassonne-first-edition-mini-expansion-2-the-mes.html","118619","Carcassonne: The Messengers (2012) (First Edition Mini Expansion 2)","9","$27.00","$3.00","$24.95","87.98%"
"210000001548","","","https://www.usedgames.ca/carcassonne-first-edition-mini-expansion-2-the-mes.html?source=bgg","118619","Heroes & Capitols (fan expansion for Settlers of Catan) (2012)","12","$0.00","$0.00","$34.95","100%"
"210000001549","029877031320","","https://www.usedgames.ca/the-rivals-for-catan-age-of-darkness-expansion.html?source=bgg","93401","Rivals for Catan: Age of Darkness (2011)","49","$0.49","$0.01","$5.95","99.83%"
"210000001552","029877004836","","https://www.usedgames.ca/the-settlers-of-catan-sealed.html?source=bgg","13","CATAN (1995) (3rd ed 2003) (Settlers of Catan) (NIS)","1","$0.01","$0.01","$69.95","99.99%"
"210000001553","029877030637","","029877030637","","CATAN: Seafarers (1997)  (Expansion Re-Launch Edition) (Made in 2007) ( Hidden, missing)","3","$0.03","$0.01","$34.95","99.97%"
"210000001554","","","https://www.usedgames.ca/nefertiti-expansion-2009-nis.html?source=bgg","58980","Nefertiti: Expansion (2009) (NIS)","2","$0.02","$0.01","$29.95","99.97%"
"210000001555","","","https://www.usedgames.ca/survivor-dvd-blast-2006-nis.html","none","Survivor DVD Blast (2006) NIS","1","$0.01","$0.01","$14.95","99.93%"
"210000001556","","","https://www.usedgames.ca/budget-battlefield-2001-nis.html?source=bgg","17661","Budget Battlefield (2001) NIS","1","$0.01","$0.01","$34.95","99.97%"
"210000001564","","","https://www.usedgames.ca/troyes-2010.html?source=bgg","73439","Troyes (2010)","1","$0.01","$0.01","$49.95","99.98%"
"210000001565","","","https://www.usedgames.ca/navegador-2010.html?source=bgg","66589","Navegador (2010)","1","$0.01","$0.01","$59.95","99.98%"
"210000001566","","","https://www.usedgames.ca/ra-2005.html?source=bgg","12","Ra (1999) (Made in 2005)","1","$0.01","$0.01","$79.95","99.99%"
"210000001569","","","https://www.usedgames.ca/dragonland-2002.html?source=bgg","3208","Dragonland (2002)","1","$0.01","$0.01","$19.95","99.95%"
"210000001571","","","https://www.usedgames.ca/cowboys-the-way-of-the-gun.html","17465","Cowboys: The Way of the Gun (2007)","1","$0.01","$0.01","$39.95","99.97%"
"210000001574","","","https://www.usedgames.ca/ultimatum-1985.html?source=bgg","1945","Ultimatum (1985)","1","$0.01","$0.01","$19.95","99.95%"
"210000001576","","","https://www.usedgames.ca/roborally-1994.html?source=bgg","18","RoboRally (1994)","1","$0.01","$0.01","$89.95","99.99%"
"210000001577","","","https://www.usedgames.ca/roborally-2005.html?source=bgg","18","RoboRally (1994)  (Made in 2005)","1","$0.01","$0.01","$69.95","99.99%"
"210000001599","","","https://www.usedgames.ca/high-5-1992-nis.html?source=bgg","21946","High 5 (1992) NIS","1","$0.01","$0.01","$19.95","99.95%"
"210000001600","","","https://www.usedgames.ca/prophecy-2002-nis.html?source=bgg","8095","Prophecy (2002) NIS","1","$0.01","$0.01","$39.95","99.97%"
"210000001602","","","https://www.usedgames.ca/attack-2003-nis.html?source=bgg","6752","Attack! (2003) (NIS)","1","$0.01","$0.01","$49.95","99.98%"
"210000001603","","","https://www.usedgames.ca/doge-2000-nis.html?source=bgg","854","Doge (2000) NIS","1","$0.01","$0.01","$39.95","99.97%"
"210000001604","","","https://www.usedgames.ca/sleuth-1981-nis.html?source=bgg","594","Sleuth (1971)  (Made in 1981) (NIS)","1","$0.01","$0.01","$49.95","99.98%"
"210000001605","","","https://www.usedgames.ca/star-wars-jedi-unleashed-2002-nis.html?source=bgg","3285","Star Wars: Jedi Unleashed (2002) NIS","1","$0.01","$0.01","$24.95","99.96%"
"210000001607","","","https://www.usedgames.ca/guildhall-2012-nis.html?source=bgg","132372","Guildhall (2012) NIS","1","$0.01","$0.01","$44.95","99.98%"
"210000001609","","","https://www.usedgames.ca/libertalia-2012-nis.html?source=bgg","125618","Libertalia (2012) NIS","1","$0.01","$0.01","$99.95","99.99%"
"210000001610","","","https://www.usedgames.ca/hullabaloo-the-game-of-observation-1992.html?source=bgg","32018","Hullabaloo: The Game of Observation (1992)","1","$0.01","$0.01","$49.95","99.98%"
"210000001612","","","https://www.usedgames.ca/godsfire-1976.html?source=bgg","2503","Godsfire (1976)","1","$0.01","$0.01","$29.95","99.97%"
"210000001615","","","https://www.usedgames.ca/the-apprentice-2005.html?source=bgg","16530","The Apprentice Game (2005)","1","$0.01","$0.01","$29.95","99.97%"
"210000001616","","","","","D-Day Quad (2020)","1","$0.01","$0.01","$69.95","99.99%"
"210000001618","","","https://www.usedgames.ca/senji-2008.html?source=bgg","33107","Senji (2008)","1","$0.01","$0.01","$79.95","99.99%"
"210000001619","","","","","Lewis & Clark: The Expedition (2014)","1","$0.01","$0.01","$44.95","99.98%"
"210000001621","","","https://www.usedgames.ca/ascension-theme-pack-rat-king-2010.html?source=bgg","86663","Ascension: Theme Pack – Rat King (2010) (NIS)","2","$0.02","$0.01","$7.95","99.87%"
"210000001622","","","https://www.usedgames.ca/ascension-theme-pack-rat-queen.html?source=bgg","125922","Ascension: Theme Pack – Rat Queen (2012) (NIS)","2","$0.02","$0.01","$7.95","99.87%"
"210000001623","","","https://www.usedgames.ca/ascension-theme-pack-leprechaun-2011-nis.html?source=bgg","103262","Ascension: Theme Pack – Leprechaun (2011) (NIS)","2","$0.02","$0.01","$7.95","99.87%"
"210000001624","","","https://www.usedgames.ca/knights-of-the-dinner-table-hack-card-game-tomb-of.html","2773","Knights of the Dinner Table: HACK! (2001) Teflon Billy (Sealed)","2","$0.02","$0.01","$14.95","99.93%"
"210000001625","","","https://www.usedgames.ca/knights-of-the-dinner-table-hack-card-game-tomb-of.html","2773","Knights of the Dinner Table: HACK! (2001) El Ravager (Sealed)","2","$0.02","$0.01","$14.95","99.93%"
"210000001626","","","https://www.usedgames.ca/knights-of-the-dinner-table-hack-card-game-tomb-of.html","2773","Knights of the Dinner Table: HACK! (2001) Gamemaster (Sealed)","1","$0.01","$0.01","$14.95","99.93%"
"210000001627","","","https://www.usedgames.ca/knights-of-the-dinner-table-hack-card-game-tomb-of.html","2773","Knights of the Dinner Table: HACK! (2001) Knuckles the Thief (Not Sealed)","1","$0.01","$0.01","$9.95","99.9%"
"210000001628","","","https://www.usedgames.ca/knights-of-the-dinner-table-hack-card-game-tomb-of.html","2773","Knights of the Dinner Table: HACK! (2001) Thorina (Not Sealed)","1","$0.01","$0.01","$9.95","99.9%"
"210000001629","","","https://www.usedgames.ca/knights-of-the-dinner-table-hack-card-game-tomb-of.html","2773","Knights of the Dinner Table: HACK! (2001) Gamemaster (Not Sealed)","1","$0.01","$0.01","$9.95","99.9%"
"210000001630","","","https://www.usedgames.ca/rofl-2013.html?source=bgg","136238","ROFL! (2013)","1","$0.01","$0.01","$14.95","99.93%"
"210000001631","","","https://www.usedgames.ca/gempacked-cards-2015-nis.html?source=bgg","171779","GemPacked Cards (2015) NIS","1","$0.01","$0.01","$29.95","99.97%"
"210000001632","","","https://www.usedgames.ca/whos-who-volume-1-1992.html","14176","Who's Who? Volume 1 (1992)","1","$0.01","$0.01","$19.95","99.95%"
"210000001633","","","https://www.usedgames.ca/code-777-25th-anniversary-edition-2010.html?source=bgg","443","Code 777 (1985) (25th Anniversary Edition) (Made in 2010)","1","$0.01","$0.01","$49.95","99.98%"
"210000001634","","","https://www.usedgames.ca/among-the-stars-2012.html?source=bgg","110277","Among the Stars (2012)","1","$0.01","$0.01","$24.95","99.96%"
"210000001636","","","https://www.usedgames.ca/crib-ante-cribbage.html","2398","Crib-Ante (Cribbage)","1","$0.01","$0.01","$99.95","99.99%"
"210000001637","","","","","Mysterium (2015)","1","$0.01","$0.01","$39.95","99.97%"
"210000001638","","","https://www.usedgames.ca/20th-century-time-travel-card-game-2003-nis.html?source=bgg","8645","20th Century Time Travel Card Game (2003) NIS","1","$0.01","$0.01","$39.95","99.97%"
"210000001639","","","https://www.usedgames.ca/gangland-1996.html?source=bgg","1247","Gangland! (1996)","1","$0.01","$0.01","$49.95","99.98%"
"210000001640","","","https://www.usedgames.ca/battleship-gi-joe-the-rise-of-cobra-edition-2009.html?source=bgg","53403","Battleship: G.I. JOE The Rise of Cobra Edition (2009)","1","$0.01","$0.01","$19.95","99.95%"
"210000001641","","","Drei Magier Spiele","","The Mysterious Magical Lake (German) (2018) NIS","1","$0.01","$0.01","$24.95","99.96%"
"210000001642","","","https://www.usedgames.ca/galapa-go-2011-nis.html?source=bgg","94346","Galapa Go (2011) NIS","1","$0.01","$0.01","$39.95","99.97%"
"210000001643","","","https://www.usedgames.ca/concatenate.html?source=bgg","21258","Concatenate!","1","$0.01","$0.01","$49.95","99.98%"
"210000001645","","","https://www.usedgames.ca/palatinus-2005-nis.html?source=bgg","19876","Palatinus (2005) NIS","1","$0.01","$0.01","$19.95","99.95%"
"210000001646","","","https://www.usedgames.ca/wildside-2003-nis.html?source=bgg","7864","Wildside (2003) NIS","1","$0.01","$0.01","$19.95","99.95%"
"210000001647","","","https://www.usedgames.ca/word-trek-1993-nis.html?source=bgg","12244","Word Trek (1993) NIS","1","$0.01","$0.01","$29.95","99.97%"
"210000001648","","","https://www.usedgames.ca/when-darkness-comes-2002.html?source=bgg","3801","When Darkness Comes (2002)","1","$0.01","$0.01","$14.95","99.93%"
"210000001649","","","https://www.usedgames.ca/der-weg-nach-drakonia-2005-nis.html?source=bgg","20146","Der Weg nach Drakonia (2005) NIS","1","$0.01","$0.01","$24.95","99.96%"
"210000001650","","","https://www.usedgames.ca/big-top-2003.html?source=bgg","7048","Big Top (2003) NIS","1","$0.01","$0.01","$14.95","99.93%"
"210000001651","","","https://www.usedgames.ca/calypso-1987-nis.html?source=bgg","5464","Calypso (1987) NIS","1","$0.01","$0.01","$29.95","99.97%"
"210000001652","","","https://www.usedgames.ca/gogogo-2005-nis.html","24258","GoGoGo (2005) NIS","1","$0.01","$0.01","$9.95","99.9%"
"210000001653","","","https://www.usedgames.ca/figaro-2006.html?source=bgg","21859","Figaro (2006)","1","$0.01","$0.01","$9.95","99.9%"
"210000001654","","","","","Funkoverse Strategy Game: Jaws - Chase Edition (2020) NEW","1","$0.01","$0.01","$44.95","99.98%"
"210000001655","","","https://www.usedgames.ca/pass-the-popcorn-2008.html?source=bgg","39324","Pass the Popcorn! Game (2008)","1","$0.01","$0.01","$14.95","99.93%"
"210000001656","","","","","Little Town (2017) NIS","1","$0.01","$0.01","$29.95","99.97%"
"210000001657","","","","","Elysium (2015)","1","$0.01","$0.01","$39.95","99.97%"
"210000001658","","","https://www.usedgames.ca/ulm-2016-nis.html?source=bgg","191876","Ulm (2016) NIS","1","$0.01","$0.01","$44.95","99.98%"
"210000001659","","","https://www.usedgames.ca/mystery-of-the-abbey-2005.html","915","Mystery of the Abbey (1995)  (Made in 2005) (Includes The Pilgrims' Chronicles expansion)","1","$0.01","$0.01","$59.95","99.98%"
"210000001660","","","https://www.usedgames.ca/duelosaur-island-2018.html?source=bgg","247236","Duelosaur Island (2018)","1","$0.01","$0.01","$29.95","99.97%"
"210000001662","","","","","Munchkin Gloom (2015)","1","$0.01","$0.01","$24.95","99.96%"
"210000001663","","","https://www.usedgames.ca/farmageddon-2012.html?source=bgg","102897","Farmageddon (2012)","1","$0.01","$0.01","$14.95","99.93%"
"210000001664","","","","","Narabi (2018) NIS","1","$0.01","$0.01","$4.95","99.8%"
"210000001665","","","","","Flamme Rouge (2016) NIS","1","$0.01","$0.01","$49.95","99.98%"
"210000001666","","","https://www.usedgames.ca/trains-and-stations-2013.html?source=bgg","138317","Trains and Stations (2013)","1","$0.01","$0.01","$14.95","99.93%"
"210000001667","","","https://www.usedgames.ca/fools-gold-2015.html","132758","Fool's Gold (2015)","1","$0.01","$0.01","$29.95","99.97%"
"210000001668","","","https://www.usedgames.ca/corinth-2019-nis.html?source=bgg","269725","Corinth (2019) NIS","1","$0.01","$0.01","$24.95","99.96%"
"210000001669","","","https://www.usedgames.ca/magical-athlete-2002.html?source=bgg","24565","Magical Athlete (2003)","1","$0.01","$0.01","$99.95","99.99%"
"210000001670","","","https://www.usedgames.ca/age-of-towers-2018-nis.html?source=bgg","214989","Age of Towers (2018) NIS","1","$0.01","$0.01","$19.95","99.95%"
"210000001671","","","","","Sabotage (2019) NIS","2","$0.02","$0.01","$54.95","99.98%"
"210000001672","","","https://www.usedgames.ca/dojo-kun-2015-nis.html?source=bgg","179182","Dojo Kun (2015) NIS","1","$0.01","$0.01","$24.95","99.96%"
"210000001674","","","","","7 Wonders - 2nd Edition (2020) NIS","1","$0.01","$0.01","$59.95","99.98%"
"210000001675","","","https://www.usedgames.ca/goblins-inc-2012-nis.html?source=bgg","110524","Goblins, Inc. (2012) NIS","1","$0.01","$0.01","$29.95","99.97%"
"210000001677","","","https://www.usedgames.ca/voltage-2006.html?source=bgg","24082","Voltage (2006)","1","$0.01","$0.01","$4.95","99.8%"
"210000001678","","","https://www.usedgames.ca/garten-zwerge-ev-2004.html?source=bgg","13829","Garten-Zwerge e.V. (2004)","1","$0.01","$0.01","$9.95","99.9%"
"210000001680","","","https://www.usedgames.ca/kings-things-2010.html","58","Kings & Things (1986) (Made in 2010)","1","$0.01","$0.01","$89.95","99.99%"
"210000001681","","","https://www.usedgames.ca/barcelona-the-rose-of-fire-2016-nis.html?source=bgg","205078","Barcelona: The Rose of Fire (2016) NIS","1","$0.01","$0.01","$39.95","99.97%"
"210000001682","","","","","Epic Spell Wars of the Battle Wizards: Rumble at Castle Tentakill (2015)","1","$0.01","$0.01","$24.95","99.96%"
"210000001684","","","","","Epic Spell Wars of the Battle Wizards: Rumble at Castle Tentakill (2015)","1","$0.01","$0.01","$19.95","99.95%"
"210000001685","","","","","Byzanz (2017)","1","$0.01","$0.01","$14.95","99.93%"
"210000001687","","","","","Century: Golem Edition - An Endless World (2020) NIS","1","$0.01","$0.01","$44.95","99.98%"
"210000001688","","","","","Once Upon a Castle (2018)","1","$0.01","$0.01","$19.95","99.95%"
"210000001689","","","https://www.usedgames.ca/alchemist-academy-2013-nis.html?source=bgg","139894","Alchemist Academy (2013) NIS","1","$0.01","$0.01","$24.95","99.96%"
"210000001690","","","https://www.usedgames.ca/shuffle-grand-prix-2019-nis.html?source=bgg","256967","Shuffle Grand Prix (2019) NIS","1","$0.01","$0.01","$14.95","99.93%"
"210000001694","","","https://www.usedgames.ca/shear-panic-2005.html?source=bgg","18866","Shear Panic (2005)","1","$0.01","$0.01","$19.95","99.95%"
"210000001695","","","https://www.usedgames.ca/abandon-ship-2008.html?source=bgg","41636","Abandon Ship (2008)","1","$0.01","$0.01","$19.95","99.95%"
"210000001696","","","https://www.usedgames.ca/indiana-jones-dvd-adventure-2008.html?source=bgg","35294","Indiana Jones DVD Adventure Game (2008)","1","$0.01","$0.01","$9.95","99.9%"
"210000001697","","","https://www.usedgames.ca/sentient-2017-nis.html?source=bgg","223855","Sentient (2017) NIS","1","$0.01","$0.01","$69.95","99.99%"
"210000001698","","","","","Emergence: A Game of Teamwork and Deception (2016) NIS","2","$0.02","$0.01","$19.95","99.95%"
"210000001699","","","","","Escape Room: The Game (2016)","1","$0.01","$0.01","$29.95","99.97%"
"210000001700","","","","","Bad Bones (2019) NIS","1","$0.01","$0.01","$59.95","99.98%"
"210000001702","","","https://www.usedgames.ca/caesar-cleopatra-1999.html","132","Caesar & Cleopatra (1997) (Made in 1999)","1","$0.01","$0.01","$19.95","99.95%"
"210000001703","","","https://www.usedgames.ca/leaping-lemmings-2010.html?source=bgg","29687","Leaping Lemmings (2010)","1","$0.01","$0.01","$34.95","99.97%"
"210000001706","","","https://www.usedgames.ca/templars-journey-2017-nis.html","219502","Templars' Journey (2017) (NIS)","1","$0.01","$0.01","$29.95","99.97%"
"210000001708","","","https://www.usedgames.ca/the-settlers-of-catan-5-6-player-expansion-english.html?source=bgg","2807","CATAN: 5-6 Player Expansion (1996)  (English First Edition) (Made in 1999) (NIS)","8","$0.08","$0.01","$89.95","99.99%"
"210000001709","","","https://www.usedgames.ca/catan-seafarers-5-6-player-extension-english-secon.html?source=bgg","4103","CATAN: Seafarers – 5-6 Player Extension (1999)  (English Second Edition) (Made in 2007) (NIS)","17","$0.17","$0.01","$49.95","99.98%"
"210000001710","","","https://www.usedgames.ca/catan-cities-knights-5-6-player-extension-english.html","4101","CATAN: Cities & Knights – 5-6 Player Extension (2000) (English Second Edition Relaunch) (Made in 2014) (NIS)","16","$0.16","$0.01","$29.95","99.97%"
"210000001711","","","https://www.usedgames.ca/catan-cities-knights-english-second-edition-relaun.html","4101","CATAN: Cities & Knights – (2000) (English Second Edition Relaunch) (Made in 2012) (NIS)","15","$0.15","$0.01","$59.95","99.98%"
"210000001712","","","https://www.usedgames.ca/catan-explorers-pirates-english-first-edition-2013.html","135378","CATAN: Explorers & Pirates (2013) (English First Edition) (NIS)","12","$0.12","$0.01","$49.95","99.98%"
"210000001713","","","https://www.usedgames.ca/catan-traders-barbarians-english-first-edition-sec.html","27760","CATAN: Traders & Barbarians (2007)  (English First Edition, Second Printing)  (Made in 2012) (NIS)","1","$0.01","$0.01","$59.95","99.98%"
"210000001714","","","https://www.usedgames.ca/catan-traders-barbarians-5-6-player-extension-engl.html","34691","Catan: Traders & Barbarians – 5-6 Player Extension (2008) (English First Edition) (NIS)","12","$0.12","$0.01","$24.95","99.96%"
"210000001715","","","https://www.usedgames.ca/the-seafarers-of-catan-5-6-player-expansion-englis.html?source=bgg","4103","CATAN: Seafarers – 5-6 Player Extension (1999) (English First Edition) (NIS)","1","$0.01","$0.01","$69.95","99.99%"
"210000001716","","","","","Letter Jam (2019)","1","$0.01","$0.01","$19.95","99.95%"
"210000001717","","","https://www.usedgames.ca/nobody-is-perfect-1992.html?source=bgg","8829","Nobody is Perfect (1992)","1","$0.01","$0.01","$19.95","99.95%"
"210000001718","","","https://www.usedgames.ca/costume-party-2015-nis.html?source=bgg","177871","Costume Party (2015) NIS","1","$0.01","$0.01","$29.95","99.97%"
"210000001719","","","https://www.usedgames.ca/jab-realtime-boxing-2011.html?source=bgg","62853","JAB: Realtime Boxing (2011)","1","$0.01","$0.01","$14.95","99.93%"
"210000001721","","","https://www.usedgames.ca/odd-world-2015.html?source=bgg","186954","Odd World (2015) (used)","1","$0.01","$0.01","$9.95","99.9%"
"210000001722","","","https://www.usedgames.ca/stellar-conquest-1975.html?source=bgg","1708","Stellar Conquest (1975)","1","$0.01","$0.01","$49.95","99.98%"
"210000001723","","","https://www.usedgames.ca/urbania.html?source=bgg","93541","Urbania (2012)","1","$0.01","$0.01","$24.95","99.96%"
"210000001724","","","https://www.usedgames.ca/herocard-galaxy-2006.html?source=bgg","23373","Herocard Galaxy (2006)","1","$0.01","$0.01","$14.95","99.93%"
"210000001726","","","https://www.usedgames.ca/ramses-pyramid-2009.html?source=bgg","41259","Ramses Pyramid (2009) NIS","1","$0.01","$0.01","$24.95","99.96%"
"210000001727","","","https://www.usedgames.ca/on-assignment-with-national-geographic-1990.html","6210","On Assignment with National Geographic (1990)","1","$0.01","$0.01","$29.95","99.97%"
"210000001728","","","https://www.usedgames.ca/break-the-bank-1977.html?source=bgg","13294","Break the Bank (1977)","1","$0.01","$0.01","$44.95","99.98%"
"210000001729","","","https://www.usedgames.ca/imperium-3rd-millennium-2001.html?source=bgg","2106","Imperium: 3rd Millennium (2001)","1","$0.01","$0.01","$64.95","99.98%"
"210000001730","","","https://www.usedgames.ca/harry-potter-hogwarts-2010.html?source=bgg","67436","Harry Potter Hogwarts (2010)","1","$0.01","$0.01","$29.95","99.97%"
"210000001733","","","https://www.usedgames.ca/dexterity-1985-59289249.html?source=bgg","33028","Dexterity (1985)","1","$0.01","$0.01","$49.95","99.98%"
"210000001734","","","https://www.usedgames.ca/who-stole-the-cookie-2014-nis.html?source=bgg","161429","Who Stole the Cookie? (2014) (NIS)","1","$0.01","$0.01","$19.95","99.95%"
"210000001838","","","https://www.usedgames.ca/tee-off-on-golf-1994-nis.html?source=bgg","7761","Tee Off on Golf (1994) NIS","1","$0.01","$0.01","$34.95","99.97%"
"210000001839","","","https://www.usedgames.ca/a-bugs-life-topple-hopper-3-d-1998-nis.html","32894","A Bug's Life Topple Hopper 3-D Game (1998) (NIS)","1","$0.01","$0.01","$39.95","99.97%"
"210000001840","","","https://www.usedgames.ca/serum-ophidian-sydion-2006-nis.html","none","S'Erum, Ophidian Sydion (2006) NIS","1","$0.01","$0.01","$64.95","99.98%"
"210000001841","","","https://www.usedgames.ca/valley-of-the-mammoths-1991-nis.html?source=bgg","2535","Valley of the Mammoths (1991) NIS","2","$0.02","$0.01","$99.95","99.99%"
"210000001842","","","https://www.usedgames.ca/tikal-1999-nis.html?source=bgg","54","Tikal (1999) NIS","1","$0.01","$0.01","$54.95","99.98%"
"210000001843","","","https://www.usedgames.ca/die-seidenstrasse-1998-nis.html?source=bgg","564","Die Seidenstraße (1998) NIS","1","$0.01","$0.01","$39.95","99.97%"
"210000001844","","","https://www.usedgames.ca/super-stars-football-premiere-edition-2000-nis.html?source=bgg","35050","APBA SuperStars Football (2000)  (Premiere Edition) (NIS)","3","$0.03","$0.01","$19.95","99.95%"
"210000001845","","","https://www.usedgames.ca/real-vegas-2005-nis.html?source=bgg","19752","Real Vegas (2005) NIS","1","$0.01","$0.01","$49.95","99.98%"
"210000001846","","","https://www.usedgames.ca/the-all-canadian-trivia-board-game-millennium-edit.html?source=bgg","24126","The All Canadian Trivia Board Game: Millennium Edition (1999) NIS","1","$0.01","$0.01","$29.95","99.97%"
"210000001847","","","https://www.usedgames.ca/goventure-card-game-entrepreneur-2007.html","42371","GoVenture Card Game: Entrepreneur (2007)","1","$0.01","$0.01","$24.95","99.96%"
"210000001848","","","https://www.usedgames.ca/lotus-2016-nis.html?source=bgg","198525","Lotus (2016) NIS","1","$0.01","$0.01","$24.95","99.96%"
"210000001849","","","https://www.usedgames.ca/quao-2007.html?source=bgg","30393","Quao (2007)","1","$0.01","$0.01","$19.95","99.95%"
"210000001850","","","https://www.usedgames.ca/paparazzo-1994-nis.html?source=bgg","1936","Paparazzo (1994) NIS","1","$0.01","$0.01","$19.95","99.95%"
"210000001851","","","https://www.usedgames.ca/backround-2002.html?source=bgg","30519","BackRound (2002)","1","$0.01","$0.01","$24.95","99.96%"
"210000001852","","","https://www.usedgames.ca/wordariffic-2015-nis.html?source=bgg","176663","Wordariffic (2015) NIS","1","$0.01","$0.01","$19.95","99.95%"
"210000001853","","","https://www.usedgames.ca/biblios-2007.html","34219","Biblios (2007) (missing 1 card 1 Die)","1","$0.01","$0.01","$39.95","99.97%"
"210000001854","","","https://www.usedgames.ca/mummy-rummy-1994.html?source=bgg","452","Mummy Rummy (1994)","1","$0.01","$0.01","$9.95","99.9%"
"210000001855","","","https://www.usedgames.ca/trivial-pursuit-dvd-pop-culture-game-2003.html?source=bgg","8039","Trivial Pursuit: DVD – Pop Culture Game (2003)","1","$0.01","$0.01","$9.95","99.9%"
"210000001856","","","https://www.usedgames.ca/mauerhuepfer-2014-nis.html?source=bgg","153118","Mauerhüpfer (2014) NIS","1","$0.01","$0.01","$69.95","99.99%"
"210000001858","","","https://www.usedgames.ca/alienz-2004-nis.html?source=bgg","12440","Alienz (2004) NIS","1","$0.01","$0.01","$19.95","99.95%"
"210000001859","","","https://www.usedgames.ca/bedlamb-2014-nis.html?source=bgg","103735","Bedlamb (2011)  (Made in 2014) (NIS)","1","$0.01","$0.01","$19.95","99.95%"
"210000001860","","","https://www.usedgames.ca/trivial-pursuit-x-2017-nis.html?source=bgg","253633","Trivial Pursuit: X (2017) NIS","2","$0.02","$0.01","$19.95","99.95%"
"210000001861","","","https://www.usedgames.ca/3-monkeys-2015.html?source=bgg","184251","3 Monkeys (2015)","1","$0.01","$0.01","$19.95","99.95%"
"210000001862","","","https://www.usedgames.ca/black-stories-2-2005-nis.html?source=bgg","20750","Black Stories 2 (2005) NIS","1","$0.01","$0.01","$9.95","99.9%"
"210000001863","","","https://www.usedgames.ca/crisis-tokyo-2013-nis.html?source=bgg","145401","Crisis: Tokyo (2013) NIS","1","$0.01","$0.01","$19.95","99.95%"
"210000001864","","","https://www.usedgames.ca/12-days-2011.html?source=bgg","130899","12 Days (2011)","1","$0.01","$0.01","$9.95","99.9%"
"210000001865","","","https://www.usedgames.ca/theories-its-a-game-2005-nis.html","49021","Theories: it's a game (2005) (NIS)","1","$0.01","$0.01","$24.95","99.96%"
"210000001866","","","https://www.usedgames.ca/streams-2011.html?source=bgg","103814","Streams (2011)","1","$0.01","$0.01","$19.95","99.95%"
"210000001867","","","https://www.usedgames.ca/yum-poker-2009-nis.html?source=bgg","4519","Yum (1959) (Yum Poker) (Made in 2009) (NIS)","1","$0.01","$0.01","$19.95","99.95%"
"210000001868","","","https://www.usedgames.ca/senjutsu-dynamic-samurai-combat-2003-nis.html?source=bgg","7064","Senjutsu: Dynamic Samurai Combat (2003) NIS","1","$0.01","$0.01","$19.95","99.95%"
"210000001870","","","https://www.usedgames.ca/x-machina-2003-nis.html?source=bgg","8089","X-Machina (2003) NIS","1","$0.01","$0.01","$19.95","99.95%"
"210000001871","","","https://www.usedgames.ca/saucy-charades-2004-nis.html?source=bgg","13896","Saucy Charades (2004) NIS","1","$0.00","$0.00","$19.95","100%"
"210000001872","","","https://www.usedgames.ca/ys-2005-nis.html?source=bgg","12761","Ys (2004) (Made in 2005) (NIS)","1","$0.01","$0.01","$34.95","99.97%"
"210000001873","","","https://www.usedgames.ca/screaming-eagles-1987-nis.html?source=bgg","825","Screaming Eagles (1987) NIS","4","$0.04","$0.01","$49.95","99.98%"
"210000001874","","","https://www.usedgames.ca/screaming-eagles-1987.html","825","Screaming Eagles (1987)","1","$0.01","$0.01","$24.95","99.96%"
"210000001876","","","https://www.usedgames.ca/chaos-in-the-old-world-consignment.html?source=bgg","43111","Chaos in the Old World (2009)  (Consignment)","1","$0.01","$0.01","$185.00","99.99%"
"210000001878","","","https://www.usedgames.ca/plott-adventures-in-space-board-game.html?source=bgg","6624","Plott: Adventures in Space (1966)","1","$0.01","$0.01","$19.00","99.95%"
"210000001879","857143000011","","https://www.usedgames.ca/wall-street-spin-board-games-nis.html","12232","Wall Street Spin (2004) (NIS)","1","$0.01","$0.01","$29.00","99.97%"
"210000001882","","","https://www.usedgames.ca/copy-of-battlemist-board-game-the-stars-of-timorra.html?source=bgg","25","Battlemist (1998) (The Stars of Timorran) (NIS)","1","$0.01","$0.01","$79.00","99.99%"
"210000001884","","","https://www.usedgames.ca/cashflow-investing-101-board-game-used-2002.html","6552","Cashflow 101 (1996) (used) (Made in 2002)","1","$6.00","$6.00","$49.95","87.99%"
"210000001890","3558380009078","","https://www.usedgames.ca/copy-of-bakong-2009.html","40629","Bakong (2009) (used)","1","$0.01","$0.01","$12.95","99.92%"
"210000001893","7612577021024","","","","NAGA RAJA used board game (2019)","1","$0.01","$0.01","$29.95","99.97%"
"210000001896","","","https://www.usedgames.ca/run-out-the.html","none","Run Out the Guns Adventure Kit","1","$0.01","$0.01","$74.95","99.99%"
"210000001897","868726000120","","","","Gruff: Clash of the Battle Goats NIS (2017)","1","$0.00","$0.00","$14.95","100%"
"210000001898","08074201311","","https://www.usedgames.ca/star-fist.html?source=bgg","2845","STAR FIST (1991) (used)","1","$0.00","$0.00","$19.95","100%"
"210000001900","","","https://www.usedgames.ca/copy-of-battlemist-board-game-the-stars-of-timorra.html?source=bgg","25","Battlemist (1998) (The Stars of Timorran) (NIS)","1","$0.01","$0.01","$69.95","99.99%"
"210000001901","81385601436","","https://www.usedgames.ca/showdown-icons-used-card-game-2013.html?source=bgg","146247","Showdown: Icons  (2013) (used)","1","$0.01","$0.01","$20.00","99.95%"
"210000001903","9781938146992","","https://www.usedgames.ca/dungeon-roll-hero-booster-pack-2-used-board-game-2.html","138788","Dungeon Roll (2013) (Dungeon Roll + Hero booster pack 2) (used)","1","$0.01","$0.01","$58.95","99.98%"
"210000001904","9001890649592","","https://www.usedgames.ca/toscana-used-board-game-2001.html?source=bgg","1701","Toscana (2001) (used)","1","$0.01","$0.01","$11.95","99.92%"
"210000001905","70030415926","","","","Scrabble: Harry Potter (2019)","1","$0.01","$0.01","$9.95","99.9%"
"210000001906","8717344311106","","https://www.usedgames.ca/takamachi-used-dice-game-2014.html?source=bgg","173157","Takamachi! (2014) (used)","1","$0.01","$0.01","$11.95","99.92%"
"210000001907","80176447358","","https://www.usedgames.ca/shrimpin-used-board-game-2003.html","1807","Shrimpin' (2003) (used)","1","$0.01","$0.01","$9.95","99.9%"
"210000001908","859573004096","","https://www.usedgames.ca/town-center-used-board-game-fourth-edition-2014.html","124545","Town Center (2014) (used) (Fourth Edition)","1","$0.01","$0.01","$19.95","99.95%"
"210000001910","9780954758905","","https://www.usedgames.ca/hollywood-lives-the-movie-making-party-game-used-2.html?source=bgg","14550","Hollywood Lives (2004) (used)","1","$0.01","$0.01","$4.95","99.8%"
"210000001913","824968823958","","","7695","BattleLore: Call to Arms (2007) (Expansion)","5","$0.05","$0.01","$19.95","99.95%"
"210000001915","","","https://www.usedgames.ca/gourmet-challenge-wine-food-trivia-game-19.html?source=bgg","18886","Gourmet Challenge (1984) (Wine/Food Trivia game) (Contents Unopened)","1","$0.01","$0.01","$59.95","99.98%"
"210000001917","06802856537","","https://www.usedgames.ca/jesters-challenge-used-board-game-1989.html","9529","Jester's Challenge (1989) (used)","1","$0.01","$0.01","$24.95","99.96%"
"210000001919","","","https://www.usedgames.ca/gambler-used-board-game-1975.html?source=bgg","4123","Gambler (1975) (used)","3","$0.03","$0.01","$14.95","99.93%"
"210000001920","777358000012","","https://www.usedgames.ca/card-crib-board-card-games-series-used-1993.html?source=bgg","2398","Cribbage (1630) (Card Crib Board, Card Games Series) (Normen Golledge) (used) (Made In 1993)","1","$0.01","$0.01","$79.95","99.99%"
"210000001923","","","https://www.usedgames.ca/dice-hockey-1995.html","14861","D'Ice (1995) (used) (D'ice Hockey)","1","$4.99","$4.99","$24.95","80%"
"210000001928","9781560760825","","https://www.usedgames.ca/copy-of-the-new-easy-to-master-dungeons-dragons-us.html","17533","The New Easy to Master Dungeons & Dragons Used (1991) (TSR 1070) incomplete","1","$0.01","$0.01","$19.95","99.95%"
"210000001929","9781560763802","","https://www.usedgames.ca/dungeons-dragons-the-dragons-den-1992-tsr-1073.html","17912","Dungeons & Dragons: The Dragon's Den (1992) (TSR 1073)","1","$0.01","$0.01","$49.95","99.98%"
"210000001930","","","https://www.usedgames.ca/4-cyte-used-1980-missing-content.html","8032","4 CYTE used (1980) missing content","1","$0.00","$0.00","$6.95","100%"
"210000001932","","","https://www.usedgames.ca/copy-of-4-cyte-used-1980-missing-content.html","8032","4 CYTE used (1980) missing content (1 letter)","1","$0.01","$0.01","$6.95","99.86%"
"210000001933","07693041353","","https://www.usedgames.ca/the-dr-laura-game-nis-1997.html?source=bgg","13235","The Dr. Laura Game (1997) (NIS)","1","$0.01","$0.01","$9.95","99.9%"
"210000001934","4010350060148","","https://www.usedgames.ca/silberzwerg-2000-german-edition.html","562","Silberzwerg (2000) German edition","1","$0.01","$0.01","$19.95","99.95%"
"210000001935","","","https://www.usedgames.ca/silberzwerg-2000-german-edition.html?source=bgg","562","Bluff (1963) (used) (1963 est.)","1","$0.01","$0.01","$9.95","99.9%"
"210000001939","63108098945","","https://www.usedgames.ca/bluff-1968-est-by-copp-clark.html?source=bgg","104285","Riddles & Riches (1996) (NIS)","1","$0.01","$0.01","$19.95","99.95%"
"210000001940","","","https://www.usedgames.ca/po-ke-no-used-board-game-1960.html?source=bgg","8784","Po-Ke-No (1930) (Used) (Made in 1960)","1","$0.01","$0.01","$9.95","99.9%"
"210000001941","03224404623","","https://www.usedgames.ca/hangman-nis-board-game-1999.html?source=bgg","5314","Hangman (1894) (NIS) (Made in 1999)","1","$0.01","$0.01","$19.95","99.95%"
"210000001944","50601210161","","https://www.usedgames.ca/empire-engine-sealed-board-game-2014.html?source=bgg","145928","War on Terror: The Board game  (2006) (used) Incomplete","1","$0.01","$0.01","$24.95","99.96%"
"210000001945","72922005817","","https://www.usedgames.ca/empire-engine-sealed-board-game-2014.html","145928","Empire Engine (2013) (Sealed board game) (Made in 2014)","48","$0.48","$0.01","$9.95","99.9%"
"210000001947","","","","","Fright NIS Board game (2021)","1","$0.01","$0.01","$28.95","99.97%"
"210000001948","","","https://www.usedgames.ca/robert-ludlums-game-of-counter-espionage-used-boar.html","1903","Robert Ludlum's Game of Counter Espionage (1988) (used)","1","$0.01","$0.01","$19.95","99.95%"
"210000001949","4010350902219","","https://www.usedgames.ca/new-york-used-board-game-2011.html?source=bgg","66190","New York (2011) (Used Board Game)","1","$0.01","$0.01","$23.95","99.96%"
"210000001951","4010350614013","","https://www.usedgames.ca/new-york-card-game-used-2011-63084578.html","431","Alhambra: The Card Game (1992) (New  York  Card Game) (Used) (2011)","1","$0.01","$0.01","$12.95","99.92%"
"210000001952","","","https://www.usedgames.ca/secret-tijuana-deathmatch-2005.html?source=bgg","19028","Secret Tijuana Deathmatch (2005) (Card Game)","1","$0.01","$0.01","$12.95","99.92%"
"210000001953","681706040431","","https://www.usedgames.ca/shazamm-used-board-game-2003.html?source=bgg","8935","Shazamm! (2003) (used)","1","$0.01","$0.01","$9.95","99.9%"
"210000001957","8717344310048","","https://www.usedgames.ca/jungle-smart-used-board-game-2004.html?source=bgg","5478","Crazy Circus (2002) (Jungle Smart) (Used) (2004)","1","$0.01","$0.01","$19.95","99.95%"
"210000001961","","","https://www.usedgames.ca/mall-world-used-board-game-2004.html?source=bgg","12633","Mall World (2004) (used)","1","$0.01","$0.01","$14.95","99.93%"
"210000001962","4002051687915","","https://www.usedgames.ca/krieg-und-frieden-used-board-game1999-german-editi.html?source=bgg","48","Krieg und Frieden (1999) (used) (German edition)","1","$0.00","$0.00","$9.95","100%"
"210000001963","","","https://www.usedgames.ca/eyewitness-news-game-used-board-game-1980.html?source=bgg","21409","Eyewitness News Game (1980) (used)","1","$0.01","$0.01","$17.95","99.94%"
"210000001964","831614008324","","https://www.usedgames.ca/scrabble-tim-burtons-the-nightmare-before-christma.html","58153","Scrabble: Tim Burton's The Nightmare Before Christmas Edition (2007)","1","$0.00","$0.00","$34.95","100%"
"210000001965","3770004919048","","https://www.usedgames.ca/speakeasy-used-board-game-2014.html?source=bgg","161109","Speakeasy (2014) (used)","1","$0.01","$0.01","$19.95","99.95%"
"210000001966","864170000365","","","","Space Explorers NIS (2017)","1","$0.01","$0.01","$24.95","99.96%"
"210000001967","616909967179","","https://www.usedgames.ca/city-of-gears-nis-2012-founders-edition.html?source=bgg","131682","City of Gears (2012) (NIS) (Founders edition)","1","$0.01","$0.01","$44.95","99.98%"
"210000001968","766262941016","","https://www.usedgames.ca/vino-the-exciting-game-of-wine-used-board-game-199.html?source=bgg","20014","Vino! The exciting game of wine (1994) (used)","1","$0.01","$0.01","$9.95","99.9%"
"210000001969","3760273010089","","https://www.usedgames.ca/fertility-nis-2018.html","256320","Fertility NIS (2018)","1","$0.01","$0.01","$34.95","99.97%"
"210000001970","81474301181","","","","Imhotep NIS (2016)","1","$0.01","$0.01","$59.95","99.98%"
"210000001974","4015566030145","","https://www.usedgames.ca/sechsstaedtebund-treues-gefolge-nis-2008-german-ed.html","38522","League of Six: Loyal Retinue (2008) (NIS) (German edition) (Sechsstädtebund: Treues Gefolge)","1","$0.00","$0.00","$14.95","100%"
"210000001975","355838014188","","https://www.usedgames.ca/ryu-used-board-game-2015.html?source=bgg","121787","RYŪ (2015) (used)","1","$0.01","$0.01","$14.95","99.93%"
"210000001976","9781594721007","","https://www.usedgames.ca/tomb-nis-2008.html?source=bgg","29581","Tomb (2008) (NIS)","1","$0.01","$0.01","$99.95","99.99%"
"210000001978","824968087015","","https://www.usedgames.ca/the-river-nis-2018-hidden.html","257759","The River NIS (2018)","1","$0.01","$0.01","$39.95","99.97%"
"210000001980","4001501871574","","https://www.usedgames.ca/castle-flutterstone-nis-2016.html","191065","Castle Flutterstone (2016) (NIS)","1","$0.01","$0.01","$29.95","99.97%"
"210000001981","889696002532","","https://www.usedgames.ca/unusual-suspects-used-board-game2015.html?source=bgg","178570","Unusual Suspects (2015) (used)","1","$0.01","$0.01","$59.95","99.98%"
"210000001985","850938004003","","https://www.usedgames.ca/garden-dice-used-board-game-2012-garden-dice-the-c.html?source=bgg","109779","Garden Dice  (2012) (used) +  (Garden Dice: The Card Expansion NIS) (2013)","1","$0.01","$0.01","$49.95","99.98%"
"210000001987","9781589781511","","https://www.usedgames.ca/three-cheers-for-master-used-board-game-2015.html?source=bgg","175961","Three Cheers for Master (2015) (used)","1","$0.01","$0.01","$14.95","99.93%"
"210000001989","69685926568","","https://www.usedgames.ca/pictomania-used-board-game-2014-1st-edition.html?source=bgg","98229","Pictomania (2011) (used) (made in 2014)","1","$0.01","$0.01","$14.95","99.93%"
"210000001993","0759751071035","","https://www.usedgames.ca/hit-or-miss-used-board-game-2006.html?source=bgg","27608","Hit or Miss (2006) (used)","1","$0.01","$0.01","$9.95","99.9%"
"210000001994","029877057511","","https://www.usedgames.ca/alchemist-used-board-game2007.html?source=bgg","27385","Alchemist (2007) (used)","1","$0.01","$0.01","$19.95","99.95%"
"210000001995","","","https://www.usedgames.ca/power-weakness-nis-2007.html","30878","Power & Weakness (2007) (nis)","1","$0.01","$0.01","$99.95","99.99%"
"210000001998","73079905063","","https://www.usedgames.ca/lighthouse-opoly-nis-2014-est.html?source=bgg","20312","Lighthouse-opoly (NIS) (2014 est)","1","$0.01","$0.01","$22.95","99.96%"
"210000002000","777343000027","","https://www.usedgames.ca/networking-nis-1993.html?source=bgg","4618","Networking (1993) (nis)","1","$0.01","$0.01","$9.95","99.9%"
"210000002001","82695631030","","https://www.usedgames.ca/flick-em-up-dead-of-winter-nis-2017-hidden.html","207016","Flick 'em Up!: Dead of Winter NIS (2017)","1","$0.01","$0.01","$49.95","99.98%"
"210000002003","736970440040","","https://www.usedgames.ca/dizios-nis-2009.html?source=bgg","66888","Dizios (2009) (nis)","1","$0.01","$0.01","$49.95","99.98%"
"210000002004","65356949369","","https://www.usedgames.ca/twisted-hoopla.html?source=bgg","105308","Twister Hoopla (2011) (nis)","1","$0.01","$0.01","$14.95","99.93%"
"210000002005","807658000150","","https://www.usedgames.ca/quebec-used-board-game-2011.html?source=bgg","91984","Québec (2011) (used)","1","$0.01","$0.01","$44.95","99.98%"
"210000002007","","","https://www.usedgames.ca/monster-mash-i-used-board-game-2002.html?source=bgg","4497","Monster Mash I (2002) (used)","1","$0.01","$0.01","$19.95","99.95%"
"210000002008","73697044002","","https://www.usedgames.ca/qbitz-used-board-game-2009.html?source=bgg","66088","Q•bitz (2009) (used)","1","$0.01","$0.01","$9.95","99.9%"
"210000002009","729220054012","","https://www.usedgames.ca/ninja-legend-of-the-scorpion-clan-nis-2011.html?source=bgg","101013","Ninja: Legend of the Scorpion Clan (2011) (nis)","1","$0.01","$0.01","$34.95","99.97%"
"210000002010","07934600175","","https://www.usedgames.ca/imaginiff-used-board-game-1998.html?source=bgg","2750","Imaginiff (1998) (used)","1","$0.01","$0.01","$9.95","99.9%"
"210000002011","013964127140","","https://www.usedgames.ca/tile-twist-nis-2011.html?source=bgg","106283","Tile Twist (2011) (nis)","1","$0.01","$0.01","$24.95","99.96%"
"210000002012","","","https://www.usedgames.ca/edmonton-city-of-champions-game-used-board-game-19.html","none","Edmonton City of Champions Game (1990) (used)","1","$0.01","$0.01","$1.00","99%"
"210000002013","","","https://www.usedgames.ca/mlm-the-game-a-board-game-for-network-marketers-ve.html","none","MLM The Game-A Board Game For Network Marketers Version 2.2  (2005) (used)","1","$3.99","$3.99","$9.95","59.9%"
"210000002016","017281192416","","https://www.usedgames.ca/copy-of-cheers-used-board-game-1992.html?source=bgg","9878","Cheers (1992) (used) (faded cover)","1","$0.01","$0.01","$8.95","99.89%"
"210000002017","","","https://www.usedgames.ca/timetripper-1980.html?source=bgg","5503","TimeTripper (1980) (used)","1","$0.01","$0.01","$64.95","99.98%"
"210000002018","","","https://www.usedgames.ca/rubout-used-board-game-1989.html?source=bgg","4814","Rubout (1989) (unpunched)","1","$0.01","$0.01","$34.95","99.97%"
"210000002019","095109019008","","https://www.usedgames.ca/captivation-nis-2002.html?source=bgg","9373","Captivation (2004) (NIS)","1","$0.01","$0.01","$19.95","99.95%"
"210000002022","","","https://www.usedgames.ca/oh-wah-ree-used-board-game-1962.html?source=bgg","1970","Oh-Wah-Ree (1962) (used)","1","$0.01","$0.01","$19.95","99.95%"
"210000002023","","","https://www.usedgames.ca/jumpin-1964-63158023.html?source=bgg","336","Jumpin (1964) (used)","1","$0.01","$0.01","$14.95","99.93%"
"210000002025","080742013193","","https://www.usedgames.ca/hacker-ii-the-dark-side-nis-1993.html?source=bgg","1248","Hacker II: The Dark Side (1993) (nis) (expansion)","1","$0.01","$0.01","$49.95","99.98%"
"210000002027","","","https://www.usedgames.ca/boundary-used-board-game-1970.html?source=bgg","4515","Boundary (1970) (used)","1","$0.01","$0.01","$14.95","99.93%"
"210000002030","05721905000","","https://www.usedgames.ca/marenko-the-phrase-game-used-board-game-1985.html?source=bgg","28636","Marenko: The Phrase Game (1985) (used)","1","$0.01","$0.01","$19.95","99.95%"
"210000002035","025766016003","","https://www.usedgames.ca/where-in-the-world-is-carmen-sandiego-used-board-g.html?source=bgg","8009","Where in the World is Carmen Sandiego? (1992) (used)","1","$0.01","$0.01","$12.95","99.92%"
"210000002036","","","https://www.usedgames.ca/the-world-of-wall-street-1969.html?source=bgg","3173","The World of Wall Street (1969) (used)","1","$0.01","$0.01","$19.95","99.95%"
"210000002037","","","https://www.usedgames.ca/the-mating-game-board-game-1969.html?source=bgg","7360","The Mating Game (1969) (used)","1","$0.01","$0.01","$14.95","99.93%"
"210000002038","","","https://www.usedgames.ca/vegas-used-board-game-1969.html?source=bgg","7356","Vegas (1969) (used)","1","$0.01","$0.01","$49.95","99.98%"
"210000002039","","","https://www.usedgames.ca/interpretation-of-dreams-1969.html?source=bgg","7117","Interpretation of Dreams (1969) (used)","1","$0.01","$0.01","$29.95","99.97%"
"210000002041","","","https://www.usedgames.ca/feudal-used-board-game-1976.html?source=bgg","847","Feudal (1967) (used) (Made in 1976)","1","$0.01","$0.01","$16.95","99.94%"
"210000002042","04570806448","","https://www.usedgames.ca/global-survival-nis-1995.html?source=bgg","2502","Global Survival (1992) (nis)","1","$0.01","$0.01","$49.95","99.98%"
"210000002043","177358310134","","https://www.usedgames.ca/high-5-1992.html?source=bgg","21946","High 5 (1992) (used)","1","$0.01","$0.01","$9.95","99.9%"
"210000002044","5060121010161","","https://www.usedgames.ca/war-on-terror-the-boardgame-used-2006.html?source=bgg","24396","War on Terror: The Boardgame (2006) (used)","1","$0.01","$0.01","$79.95","99.99%"
"210000002048","","","https://www.usedgames.ca/diangle-nis-board-game-1999.html?source=bgg","5509","Diangle (1999) (nis)","1","$0.01","$0.01","$24.95","99.96%"
"210000002049","819770000150","","https://www.usedgames.ca/scotland-the-brave-used-board-game-1998-unpunched.html?source=bgg","860","Scotland the Brave (1998) (used) (unpunched)","1","$0.01","$0.01","$9.95","99.9%"
"210000002052","","","https://www.usedgames.ca/wiz-war-used-board-game-1993.html?source=bgg","589","Wiz-War (1983) (used)  (Made in 1993)  Classic edition.","1","$0.01","$0.01","$49.95","99.98%"
"210000002054","07300000045","","https://www.usedgames.ca/copy-of-clue-1996.html?source=bgg","1294","Clue (1949) (Made in 2002)","1","$0.01","$0.01","$9.95","99.9%"
"210000002055","086547613408","","https://www.usedgames.ca/the-bottom-line-used-board-game-1985.html?source=bgg","1193","The Bottom Line (1985) (used)","1","$0.01","$0.01","$16.95","99.94%"
"210000002056","68170607029","","https://www.usedgames.ca/magnet-used-board-game-2008.html?source=bgg","33156","Magnet (2008) (used)","1","$0.01","$0.01","$16.95","99.94%"
"210000002057","","","https://www.usedgames.ca/runequest-1981-used-rpg-game-2nd-edition-thick-box.html","none","RuneQuest (1981)  (Used RPG Game) (2nd Edition, thick box)","1","$0.01","$0.01","$224.95","100%"
"210000002059","","","https://www.usedgames.ca/space-future-nis-board-game-1979-est-63278760.html?source=bgg","7887","Space Future (1979) (nis)","1","$0.01","$0.01","$0.00",""
"210000002060","","","https://www.usedgames.ca/space-future-nis-board-game-1979-est-63278760.html","7887","Space Future (1979) (nis)","1","$0.01","$0.01","$24.95","99.96%"
"210000002061","","","https://www.usedgames.ca/press-check-bingo-abbreviations-contractions-used.html","7316","PRESS & CHECK BINGO Abbreviations Contractions (1972) (used)","1","$0.01","$0.01","$9.95","99.9%"
"210000002063","","","https://www.usedgames.ca/colonial-diplomacy-nis-board-game-1994.html?source=bgg","250","Colonial Diplomacy (1994) (NIS)","1","$0.01","$0.01","$84.95","99.99%"
"210000002064","631080989451","","https://www.usedgames.ca/riddles-riches-used-board-game-1996.html","5496","Riddles & Riches (1996) (used)","1","$0.01","$0.01","$19.95","99.95%"
"210000002065","","","https://www.usedgames.ca/four-letter-words-used-board-game-1975.html","11738","Four Letter Words (1975) (used)","1","$0.01","$0.01","$19.95","99.95%"
"210000002071","","","https://www.usedgames.ca/common-knowledge-used-board-game-1983.html?source=bgg","20256","Common Knowledge (1983) (used)","1","$0.01","$0.01","$9.95","99.9%"
"210000002077","","","https://www.usedgames.ca/the-business-game-1965.html?source=bgg","1920","The Business Game (1965) (used)","1","$0.01","$0.01","$26.95","99.96%"
"210000002078","","","https://www.usedgames.ca/conflict-used-board-game-1965.html?source=bgg","4325","Conflict (1940) (used) (Made in 1965)","1","$0.01","$0.01","$19.95","99.95%"
"210000002079","015273555553","","https://www.usedgames.ca/mega-golf-nis-board-game-1996.html?source=bgg","18221","Mega Golf (1996) (nis)","1","$0.01","$0.01","$44.95","99.98%"
"210000002080","","","https://www.usedgames.ca/free-choice-nis-board-game-1983.html?source=bgg","9510","Free Choice (1983) (nis)","1","$0.01","$0.01","$54.95","99.98%"
"210000002081","","","https://www.usedgames.ca/the-wine-game-used-board-game-1972.html?source=bgg","5037","The Wine Game (1972) (used)","1","$0.01","$0.01","$9.95","99.9%"
"210000002082","","","https://www.usedgames.ca/think-link-used-board-game-1972.html","none","Think-Linx (1972) (used)","1","$0.01","$0.01","$14.95","99.93%"
"210000002083","","","https://www.usedgames.ca/oil-the-slickest-game-in-town-used-board-game-1980.html?source=bgg","15089","Oil: The Slickest Game In Town (1980) (used)","1","$0.01","$0.01","$19.95","99.95%"
"210000002084","","","https://www.usedgames.ca/hangman-used-board-game-1976.html?source=bgg","5314","Hangman (1894) (used) (Made in 1976)","1","$0.01","$0.01","$12.95","99.92%"
"210000002085","","","https://www.usedgames.ca/4000-ad-used-board-game-1972.html?source=bgg","1435","4000 A.D. (1972) (used)","1","$0.01","$0.01","$11.95","99.92%"
"210000002086","103350005077","","https://www.usedgames.ca/name-burst-used-board-game-1992.html?source=bgg","984","Name Burst (1992) (used)","1","$0.01","$0.01","$14.95","99.93%"
"210000002087","","","https://www.usedgames.ca/maxi-boure-used-board-game-1987-missing-rule-book.html?source=bgg","786","Grant Fuhr's Breakaway Hockey Board Game (1987) (used)","1","$0.01","$0.01","$24.95","99.96%"
"210000002088","","","https://www.usedgames.ca/maxi-boure-used-board-game-1987-missing-rule-book.html","786","Maxi Bour$e (1987) (used) (Missing Rule Book)","1","$0.01","$0.01","$8.99","99.89%"
"210000002089","015889014857","","https://www.usedgames.ca/condom-sense-the-game-nis-board-game.html","none","Condom Sense The Game (nis)","1","$0.01","$0.01","$28.95","99.97%"
"210000002090","04775402050","","https://www.usedgames.ca/nick-at-nite-classic-tv-trivia-game-1996-used-boar.html?source=bgg","4081","Nick at Nite Classic TV Trivia Game (1996) Used Board game","1","$0.01","$0.01","$9.95","99.9%"
"210000002094","89175500011","","https://www.usedgames.ca/debate-this-2005.html?source=bgg","18620","Debate This! (2005) (NIS)","1","$0.01","$0.01","$24.95","99.96%"
"210000002095","071404310019","","https://www.usedgames.ca/judge-n-jury-nis-board-game-1995.html","1553","Judge 'n' Jury (1995) (nis)","1","$0.01","$0.01","$9.95","99.9%"
"210000002096","8272120694403","","https://www.usedgames.ca/d-day-dice-2012.html","101785","D-Day Dice (2012) (nis)","1","$0.01","$0.01","$64.95","99.98%"
"210000002097","827120654032","","https://www.usedgames.ca/d-day-dice-operation-neptune-nis-2012.html?source=bgg","102260","D-Day Dice: Operation Neptune (2012) (nis)","1","$0.00","$0.00","$54.95","100%"
"210000002098","8272120644033","","https://www.usedgames.ca/d-day-dice-normandy-nis-board-game-2012.html?source=bgg","102264","D-Day Dice: Normandy (2012) (nis)","1","$0.01","$0.01","$44.95","99.98%"
"210000002099","61586700001","","https://www.usedgames.ca/pro-football-hall-of-fame-trivia-game-1996.html?source=bgg","66722","Pro Football Hall Of Fame Trivia Game (1996) (nis)","1","$0.01","$0.01","$14.95","99.93%"
"210000002102","978194532300354495","","https://www.usedgames.ca/the-red-dragon-inn-battle-for-greyport-nis-hidden.html","193668","The Red Dragon Inn: Battle for Greyport NIS (2016)","1","$0.01","$0.01","$69.95","99.99%"
"210000002103","021664805084","","https://www.usedgames.ca/hedbanz-80s-edition-the-quick-question-game-of-wha.html","1855","Hedbanz for Adults! (1991) (Hedbanz - 80's Edition) (NIS) (Made in 2006)","1","$0.01","$0.01","$24.95","99.96%"
"210000002105","9780975588208","","https://www.usedgames.ca/kung-fu-fighting-nis-board-game-2004.html","13172","Kung Fu Fighting (2004) (nis)","1","$0.01","$0.01","$19.95","99.95%"
"210000002106","3558380000525","","https://www.usedgames.ca/jungle-speed-nis-board-game-2006-french-edition.html?source=bgg","8098","Jungle Speed (1997)  (NIS)  (Made in 2006) (French edition)","1","$0.01","$0.01","$9.95","99.9%"
"210000002107","","","https://www.usedgames.ca/mongolian-goat-rodeo-nis-card-game-2006.html","24203","Mongolian Goat Rodeo (2006)  (NIS)  (Made in 2013) (2nd edition)","1","$0.01","$0.01","$12.95","99.92%"
"210000002108","85068000202","","https://www.usedgames.ca/bears-nis-board-game-2011.html?source=bgg","99081","Bears! (2011) (nis)","1","$0.01","$0.01","$11.95","99.92%"
"210000002109","9780972471701","","https://www.usedgames.ca/dying-lights-unopen-card-game-2003.html?source=bgg","6339","Dying Lights (2003) (nis)","1","$0.01","$0.01","$14.95","99.93%"
"210000002112","89452700021","","https://www.usedgames.ca/counting-zzzzs-nis-card-game-2003.html?source=bgg","7851","Counting Zzzzs (2003) (used)","1","$0.01","$0.01","$10.95","99.91%"
"210000002114","9780974349701","","https://www.usedgames.ca/realm-lord-nis-card-game-2003.html?source=bgg","7606","Realm Lord (2003) (nis)","1","$0.01","$0.01","$34.95","99.97%"
"210000002116","823464005301","","https://www.usedgames.ca/james-ernests-totally-renamed-spy-game-nis-card-ga.html","164","Before I Kill You, Mister Spy... (1996) (James Ernest's Totally Renamed Spy Game)  (NIS) Card Game (2004)","1","$0.01","$0.01","$12.95","99.92%"
"210000002118","074427100766","","https://www.usedgames.ca/alternativefacts-used-card-game-hidden-2017.html","226865","#AlternativeFacts  Used Card Game (2017)","1","$0.01","$0.01","$9.95","99.9%"
"210000002119","850802004009","","https://www.usedgames.ca/ghost-pirates-nis-card-game-2012.html?source=bgg","113311","Ghost Pirates (2012) (used)","1","$0.01","$0.01","$18.95","99.95%"
"210000002120","","","https://www.usedgames.ca/weapons-of-mass-destruction-nis-card-game-2004.html?source=bgg","12367","Weapons of Mass Destruction (2004) (nis)","1","$0.01","$0.01","$195.95","99.99%"
"210000002122","00634158624629","","https://www.usedgames.ca/first-to-find-nis-hidden-card-game-2016.html","198450","First to Find NIS Card Game (2016)","1","$0.01","$0.01","$18.95","99.95%"
"210000002123","978158978109252495","","https://www.usedgames.ca/ren-faire-nis-card-game-2009.html?source=bgg","55706","Ren Faire (2009) (nis)","1","$0.01","$0.01","$19.95","99.95%"
"210000002124","978188780147890000","","https://www.usedgames.ca/lunch-money-nis-card-game-1996.html?source=bgg","228","Lunch Money (1996) (nis)","1","$0.01","$0.01","$14.95","99.93%"
"210000002125","9781589780507","","https://www.usedgames.ca/lunch-money-sticks-and-stones-nis-card-game-2004.html?source=bgg","9665","Lunch Money: Sticks and Stones (2004) (nis)","1","$0.01","$0.01","$11.95","99.92%"
"210000002126","978158978055251995","","https://www.usedgames.ca/beer-money-nis-card-game-2004.html?source=bgg","9787","Beer Money (2004) (nis)","1","$0.01","$0.01","$19.95","99.95%"
"210000002128","978155634717750995","","https://www.usedgames.ca/spooks-nis-card-game-2003.html?source=bgg","7989","Spooks (2003) (nis)","1","$0.01","$0.01","$22.95","99.96%"
"210000002129","882406202024","","https://www.usedgames.ca/its-good-to-be-the-king-nis-card-game-2006.html","24131","It's Good to Be the King (2006) (nis)","1","$0.01","$0.01","$14.95","99.93%"
"210000002130","87175444311090","","","","Odd World Used Card Game (2015)","1","$0.01","$0.01","$8.49","99.88%"
"210000002131","655132001649","","https://www.usedgames.ca/barnyard-buddies-critters-nis-card-game-1996-est.html?source=bgg","486","Barnyard Buddies (1996) (nis) (Barnyard Critters)","1","$0.01","$0.01","$19.95","99.95%"
"210000002132","4015682200231","","https://www.usedgames.ca/virus-co-nis-card-game-2002-german-edition.html","4326","Virus & Co (2002)  (nis) German Edition","1","$0.01","$0.01","$19.95","99.95%"
"210000002133","4011898080513","","https://www.usedgames.ca/coloretto-amazonas-nis-card-game-2005.html?source=bgg","15156","Coloretto Amazonas (2005) (nis)","1","$0.01","$0.01","$19.95","99.95%"
"210000002134","","","https://www.usedgames.ca/kill-shot-the-counter-terrorism-party-game-nis-car.html?source=bgg","99992","Kill Shot: The Counter-Terrorism Party Game (2011) (nis)","1","$0.01","$0.01","$18.95","99.95%"
"210000002135","681706040639","","https://www.usedgames.ca/onirim-3-mini-expansions-used-card-game-2010-1st-e.html?source=bgg","71836","Onirim (2010)  (+ 3 mini-expansions) (Used)  (1st ed)","1","$0.01","$0.01","$14.95","99.93%"
"210000002136","9781929780785","","https://www.usedgames.ca/icedice-nis-dice-game-2011.html?source=bgg","93001","IceDice (2011) (nis)","1","$0.01","$0.01","$34.95","99.97%"
"210000002137","8717344310413","","https://www.usedgames.ca/six-used-board-game-2008.html?source=bgg","20195","Six (2003) (used)","1","$0.01","$0.01","$9.95","99.9%"
"210000002138","","","https://www.usedgames.ca/mille-bornes-used-card-game-1971.html?source=bgg","590","Mille Bornes (1954)  (Used) (Made in 1971)","1","$0.01","$0.01","$9.95","99.9%"
"210000002140","03058837230","","https://www.usedgames.ca/hoo-dee-nee-used-board-game-1983.html?source=bgg","7548","Hoo-Dee-Nee (1983) (used)","1","$0.01","$0.01","$13.95","99.93%"
"210000002143","","","https://www.usedgames.ca/word-nerd-used-board-game-1979.html?source=bgg","11829","Word Nerd (1979) (used)","1","$0.01","$0.01","$8.45","99.88%"
"210000002144","","","https://www.usedgames.ca/pacru-used-board-game-2004-incomplete-missing-3-ma.html?source=bgg","6803","Pacru (2004) (used) Incomplete missing 3 marker","1","$0.01","$0.01","$9.95","99.9%"
"210000002145","","","https://www.usedgames.ca/us-patent-no-1-2001-nis.html?source=bgg","2297","U.S. Patent No. 1 (2001) NIS","1","$0.01","$0.01","$29.95","99.97%"
"210000002150","892884000852","","https://www.usedgames.ca/evolution-used-board-game-2014.html?source=bgg","155703","Evolution (2014) (used)","1","$0.01","$0.01","$34.95","99.97%"
"210000002151","","","https://www.usedgames.ca/age-of-steam-warfrog-english-german-edition-nis-20.html?source=bgg","4098","Age of Steam (2002)  (nis)","1","$0.01","$0.01","$164.95","99.99%"
"210000002152","","","https://www.usedgames.ca/ready-steady-cook-nis-board-game-2004.html","8639","Ready Steady Cook (2004) (NIS)","1","$0.01","$0.01","$19.95","99.95%"
"210000002153","02987704133403500","","https://www.usedgames.ca/mad-city-used-board-game-2014-unpunched.html?source=bgg","150930","Mad City (2014) (Unpunched)","1","$0.01","$0.01","$19.95","99.95%"
"210000002154","5908310266435","","https://www.usedgames.ca/theseus-the-dark-orbit-used-board-game-2013-unpunc.html?source=bgg","144529","Theseus: The Dark Orbit (2013) (Unpunched)","1","$0.01","$0.01","$29.95","99.97%"
"210000002155","5908310266794","","https://www.usedgames.ca/rattle-battle-grab-the-loot-used-board-game-2015.html?source=bgg","176606","Rattle, Battle, Grab the Loot (2015) (used)","1","$0.01","$0.01","$14.95","99.93%"
"210000002156","","","https://www.usedgames.ca/bull-market-used-board-game-2002.html?source=bgg","9000","Bull Market (2002) (used)","1","$0.01","$0.01","$19.95","99.95%"
"210000002157","4260199287538","","https://www.usedgames.ca/skyscrapers-used-board-game-2010.html?source=bgg","85286","Skyscrapers (2010) (used)","1","$0.01","$0.01","$14.95","99.93%"
"210000002208","","","https://www.usedgames.ca/waterworks-used-board-game-1972.html?source=bgg","333","Waterworks (1972) (used)","1","$0.01","$0.01","$14.95","99.93%"
"210000002209","792141981002","","https://www.usedgames.ca/railroad-dynasty-used-board-game-1997.html?source=bgg","4067","Railroad Dynasty (1997) (used)","1","$0.01","$0.01","$24.95","99.96%"
"210000002210","","","https://www.usedgames.ca/touring-used-board-games-1965.html?source=bgg","2253","Touring (1906) (used) (Made in 1965)","1","$0.01","$0.01","$14.95","99.93%"
"210000002212","","","https://www.usedgames.ca/copy-of-touring-used-board-games-1965.html?source=bgg","2253","Touring (1906) (used) (Made in 1965) (R)","1","$0.01","$0.01","$18.95","99.95%"
"210000002214","","","https://www.usedgames.ca/copy-of-touring-used-board-games-1965-r.html?source=bgg","2253","Touring (1906) (used) (Made in 1957)","1","$0.01","$0.01","$9.95","99.9%"
"210000002215","4005556803200","","https://www.usedgames.ca/word-wheel-used-board-game-1974.html?source=bgg","16539","Word Wheel (1974) (used)","1","$0.01","$0.01","$9.95","99.9%"
"210000002216","047754990003","","https://www.usedgames.ca/poker-keeno-collectors-used-card-game-2003.html?source=bgg","8784","Po-Ke-No (1930)  (Collectors ed) (used) (Made in 2003)","1","$0.01","$0.01","$14.95","99.93%"
"210000002219","","","https://www.usedgames.ca/copy-of-pit-used-card-game-1919.html?source=bgg","140","Pit (1903) (used) (Made in 1965)","1","$0.01","$0.01","$7.95","99.87%"
"210000002221","62467300002","","https://www.usedgames.ca/stops-canadian-edition-used-board-game-1999.html?source=bgg","12847","Stops: Canadian Edition (1999) (used)","1","$0.01","$0.01","$39.95","99.97%"
"210000002223","074299427459","","https://www.usedgames.ca/survivor-used-board-game-2000.html?source=bgg","3623","Survivor (2000) (used)","1","$0.01","$0.01","$18.95","99.95%"
"210000002233","","","https://www.usedgames.ca/copy-of-slang-teasers-2nd-edition-1984.html?source=bgg","4574","Slang Teasers (1983)  (2nd Edition) (Made in 1984) (Green box)","1","$0.01","$0.01","$24.95","99.96%"
"210000002234","","","https://www.usedgames.ca/copy-of-slang-teasers-used-board-game-1985-a.html?source=bgg","4574","Slang Teasers (1983) (used) (Made in 1985) (A)","1","$0.01","$0.01","$19.95","99.95%"
"210000002236","","","https://www.usedgames.ca/copy-of-slang-teasers-used-board-game-1985-a.html","4574","Slang Teasers (1983) (used) (Made in 1985) (T)","1","$0.01","$0.01","$18.95","99.95%"
"210000002258","729220055057","","https://www.usedgames.ca/smash-up-the-big-geeky-box-2014-smash-up-munchkin.html?source=bgg","157427","Smash Up: The Big Geeky Box (2014) + 8 Expansions","1","$0.01","$0.01","$199.95","99.99%"
"210000002259","","","https://www.usedgames.ca/kroll-prumni-a-fight-between-galactic-empires-used.html","1649","Colonisator: The Twelve Planets' War (1979) (Kroll & Prumni: A Fight Between Galactic Empires) (Used)","1","$0.01","$0.01","$59.95","99.98%"
"210000002261","859580004027","","https://www.usedgames.ca/new-amsterdam-nis-2012.html","128898","New Amsterdam (2012) (NIS)","1","$0.01","$0.01","$34.95","99.97%"
"210000002262","736211951779","","https://www.usedgames.ca/onward-to-venus-used-board-game-2014-unpunched.html?source=bgg","158109","Onward to Venus (2014) (unpunched)","1","$0.01","$0.01","$19.95","99.95%"
"210000002263","4007880900020","","https://www.usedgames.ca/1835-used-board-game-1990.html?source=bgg","422","1835 (1990) (used)","1","$0.01","$0.01","$44.95","99.98%"
"210000002264","","","https://www.usedgames.ca/beep-beep-used-board-game-2008.html","38287","Beep! Beep! (2008) (used)","1","$0.01","$0.01","$9.95","99.9%"
"210000002265","4011898130614","","https://www.usedgames.ca/gloria-mundi-nis-board-game-2006-shrink-is-ripped.html?source=bgg","13286","Gloria Mundi (2006) (NIS)  (Shrink is ripped)","1","$0.01","$0.01","$19.95","99.95%"
"210000002266","85712003042","","https://www.usedgames.ca/tomorrow-used-board-game-2013.html?source=bgg","89342","Tomorrow (2013) (unpunched)","1","$0.01","$0.01","$69.95","99.99%"
"210000002268","3558380007180","","https://www.usedgames.ca/intrigo-board-game-2010-unpunched.html?source=bgg","65673","Masques (2010) (Intrigo)  (unpunched)","1","$0.01","$0.01","$9.95","99.9%"
"210000002272","","","https://www.usedgames.ca/en-garde-used-board-game-1986-64963601.html?source=bgg","5144","En Garde! (1986) (used)","1","$0.01","$0.01","$39.95","99.97%"
"210000002274","067233886023","","https://www.usedgames.ca/used-metal-chess-set-board-est-1970.html","171","Chess (1475) Used Metal Chess set + Board  (est 1970)","1","$0.01","$0.01","$39.95","99.97%"
"210000002277","","","https://www.usedgames.ca/bid-used-board-game-1985.html?source=bgg","69323","Bid$ (1985) (used)","1","$0.01","$0.01","$84.95","99.99%"
"210000002280","","","https://www.usedgames.ca/here-i-stand-unused-board-game-2006-unpunched.html?source=bgg","17392","Here I Stand (2006) (unpunched)","1","$0.01","$0.01","$79.95","99.99%"
"210000002281","4015566000537","","https://www.usedgames.ca/a-la-carte-2006-a-la-carte-dessert-2010-used-board.html","217","A la carte (1989) (used) (Made in 2006) + A la carte: Dessert (2010) (used)","1","$0.01","$0.01","$149.95","99.99%"
"210000002283","01884710030","","https://www.usedgames.ca/imperium-romanum-ii-unpunched-board-game-1985.html?source=bgg","1496","Imperium Romanum II (1985) (unpunched board game )","1","$0.01","$0.01","$74.95","99.99%"
"210000002284","06215810001","","https://www.usedgames.ca/the-syndicate-board-game-1986.html?source=bgg","5821","The Syndicate (1986) (used) (o)","1","$0.01","$0.01","$34.95","99.97%"
"210000002286","06215810001","","https://www.usedgames.ca/copy-of-the-syndicate-used-board-game-1986-o.html?source=bgg","5821","The Syndicate (1986) (used) (F)","1","$0.01","$0.01","$39.95","99.97%"
"210000002287","","","https://www.usedgames.ca/super-hi-q-used-board-game-1980.html?source=bgg","13713","Solitaire (1697)  (Super HI-Q) (used)  (Made in 1980)","1","$0.01","$0.01","$12.95","99.92%"
"210000002288","","","https://www.usedgames.ca/go-for-the-gold-used-travia-game-calgary-1988-wint.html","none","Go for the Gold (1988) (used) Trivia game  (Calgary 1988 Winter Olympic)","1","$0.01","$0.01","$149.95","99.99%"
"210000002289","","","https://www.usedgames.ca/addiction-used-board-game-1978.html?source=bgg","10429","Addiction (1978) (used)","1","$0.01","$0.01","$13.95","99.93%"
"210000002295","","","https://www.usedgames.ca/copy-of-axis-allies-d-day-nis-board-game-2004.html","10081","Axis & Allies: D-Day (2004) (NIS) - Shrink is torn","1","$0.01","$0.01","$64.95","99.98%"
"210000002296","","","https://www.usedgames.ca/after-the-holocaust-the-nuclear-devastation-of-ame.html","5475","After the Holocaust: The Nuclear Devastation of America – Recovery and Reunification (1977) (Unpunched)","1","$0.01","$0.01","$49.95","99.98%"
"210000002311","","","https://www.usedgames.ca/cargoes-used-board-game-1964.html?source=bgg","12236","Cargoes (1934) (used)  (Made in 1964)","1","$0.01","$0.01","$19.95","99.95%"
"210000002314","","","https://www.usedgames.ca/battles-for-the-ardennes-used-board-game-1978.html?source=bgg","7092","Battles for the Ardennes (1978) (used)","1","$0.01","$0.01","$29.95","99.97%"
"210000002315","","","https://www.usedgames.ca/lancer-used-board-game-1973.html?source=bgg","2691","Lancer (1973) (used)","1","$0.01","$0.01","$24.95","99.96%"
"210000002316","672975032623","","","","Arcs Leaders & Lore Pack Board Game NIS (2024) (Hidden)","2","$24.20","$12.10","$19.99","39.47%"
"210000002317","","","","","Arcs NIS Board Game (2024) Fully Sleeved NEW","1","$46.00","$46.00","$89.95","48.86%"
"210000002318","","","","","Arcs: The Blighted Reach Expansion NIS (2024) Fully Sleeved NEW","1","$77.70","$77.70","$179.95","56.82%"
"210000002320","","","https://www.usedgames.ca/kalua-2012-nis-board-game.html?source=bgg","69356","Kalua (2012) NIS Board Game","1","$0.01","$0.01","$19.95","99.95%"
"210000002321","","","https://www.usedgames.ca/inbetween-2017-nis-board-game-hidden.html","230342","InBetween (2017) NIS Board Game","1","$0.01","$0.01","$29.95","99.97%"
"210000002322","","","https://www.usedgames.ca/scary-tales-little-red-vs-pinocchio-2009-nis-board.html?source=bgg","42132","Scary Tales: Little Red vs. Pinocchio (2009) (NIS)","1","$0.01","$0.01","$19.95","99.95%"
"210000002323","","","https://www.usedgames.ca/arena-maximus-2003-nis-board-game.html?source=bgg","7719","Arena Maximus (2003) (NIS)","1","$0.01","$0.01","$19.95","99.95%"
"210000002324","700304158673","","","","Risk: Dune NIS Board Game (2024) (Sleeved)","11","$506.00","$46.00","$69.95","34.24%"
"210000002326","","","https://www.usedgames.ca/stock-ticker-est-1970s.html?source=bgg","2680","Stock Ticker (1937) (used) (Made around 1970s)","1","$0.01","$0.01","$49.95","99.98%"
"210000002331","700304158598","","https://www.usedgames.ca/dice-throne-marvel-x-men-box-2.html","438729","Dice Throne: Marvel X-Men Box 2 Fully Sleeved NEW","2","$73.00","$36.50","$82.45","55.73%"
"210000002332","","","","","Codenames Words Party Game (hidden)","1","$18.00","$18.00","$29.95","39.9%"
"210000002333","","","","","Pulsar 2849 Nis Board Game  (2018) (Hidden)","2","$92.00","$46.00","$79.99","42.49%"
"210000002336","","","","","Angels One Five: Fighters vs Bombers in WWII (2012)","1","$35.00","$35.00","$45.95","23.83%"
"210000002340","704551402718","","https://www.usedgames.ca/texas-hold-em-folded-tabletop-with-blackjack-and-c.html","1115","Texas Hold em  Folded Tabletop with Blackjack and Craps Insert NIB (2011 est.)","3","$0.03","$0.01","$59.95","99.98%"
"210000002354","681706784052","","https://www.usedgames.ca/carcassonne-mini-expansion-5-mage-witch-2012-nib.html","118618","Carcassonne: Mage & Witch (2012) (NIB)","9","$0.09","$0.01","$34.95","99.97%"
"210000002355","655132002301","","https://www.usedgames.ca/carcassonne-mini-king-scout-2003-nib.html","7707","Carcassonne: King & Scout (2003) NIB","2","$0.02","$0.01","$34.95","99.97%"
"210000002356","681706784069","","https://www.usedgames.ca/carcassonne-mini-expansion-6-the-robbers-2012-nib.html?source=bgg","118616","Carcassonne: The Robbers (2012) NIB","1","$0.01","$0.01","$29.95","99.97%"
"210000002358","681706780030","","https://www.usedgames.ca/carcassonne-expansion-3-the-princess-the-dragon-ni.html","15158","Carcassonne: Expansion 3 – The Princess & The Dragon (2005) (NIS) (Made in 2014)","1","$0.01","$0.01","$44.95","99.98%"
"210000002359","681706780092","","https://www.usedgames.ca/carcassonne-expansion-9-hills-sheep-nis-2014.html","153773","Carcassonne: Expansion 9 – Hills & Sheep (2014) (NIS)","2","$0.02","$0.01","$89.95","99.99%"
"210000002360","681706780061","","https://www.usedgames.ca/carcassonne-expansion-6-count-king-robber-nis-2013.html","33458","Carcassonne: Expansion 6 – Count, King & Robber (2007) (NIS) (Made in 2013)","2","$0.02","$0.01","$49.95","99.98%"
"210000002362","","","https://www.usedgames.ca/copy-of-probe-used-board-game-1964-a-66170524.html?source=bgg","2060","Probe (1964) (used) (I)","1","$0.01","$0.01","$11.95","99.92%"
"210000002364","","","https://www.usedgames.ca/copy-of-copy-of-probe-used-board-game-1964-i.html?source=bgg","2060","Probe (1964) (used) (H)","1","$0.01","$0.01","$11.95","99.92%"
"210000002365","058482044203","","https://www.usedgames.ca/tri-ominos-nis-board-game-1987.html?source=bgg","4040","Tri-Ominos (1965) (NIS) (Made in 1987)","1","$0.01","$0.01","$16.95","99.94%"
"210000002369","","","https://www.usedgames.ca/copy-of-slang-teasers-vol-1-used-board-game-1983.html?source=bgg","4574","Slang Teasers (1983) (used) (vol 1)","1","$0.01","$0.01","$24.95","99.96%"
"210000002371","056297604520","","https://www.usedgames.ca/copy-of-slang-teasers-vol-1-used-board-game-1983.html","4574","Slang Teasers (1983) (used) (2nd ed.) (Made in 1992)","1","$0.01","$0.01","$18.95","99.95%"
"210000002374","9780978038311","","https://www.usedgames.ca/gift-trap-used-board-game-2007.html?source=bgg","23686","Gift Trap (2006) (Used)","2","$0.00","$0.00","$18.95","100%"
"210000002375","62906813011","","https://www.usedgames.ca/crib-wars-used-board-game-1997-black-box.html?source=bgg","1341","Crib Wars (1997) (used) (Black box)","1","$0.01","$0.01","$34.95","99.97%"
"210000002377","62769015005","","https://www.usedgames.ca/copy-of-crib-wars-used-board-game-1997-black-box.html?source=bgg","1341","Crib Wars (1997) (used) (White box)","1","$0.01","$0.01","$34.95","99.97%"
"210000002378","65356940924","","https://www.usedgames.ca/catch-phrase-used-board-game-2007.html?source=bgg","2582","Catch Phrase! (1994) (used) (Made in 2007)","1","$0.01","$0.01","$24.95","99.96%"
"210000002379","","","https://www.usedgames.ca/wits-wager-used-board-game-2009.html","20100","Wits & Wagers (2005) (used) (Made in 2009)","2","$0.02","$0.01","$19.95","99.95%"
"210000002380","","","https://www.usedgames.ca/post-office-used-board-games-1968.html?source=bgg","24467","Post Office (1968) (used) (O)","1","$0.01","$0.01","$14.95","99.93%"
"210000002384","","","https://www.usedgames.ca/commands-colors-ancients-nis-2nd-edition-white-box.html","14105","Commands & Colors: Ancients (2006)  (NIS) (2nd ed White box) (Made in 2008)","1","$0.01","$0.01","$179.95","99.99%"
"210000002385","9413000000108","","https://www.usedgames.ca/global-ody-see-used-board-game-2008.html?source=bgg","39569","Global Ody-See (2008) (used)","1","$0.01","$0.01","$39.95","99.97%"
"210000002386","068732100702","","https://www.usedgames.ca/nightmare-used-board-game-1991.html?source=bgg","5641","Nightmare (1991) (used)","1","$0.01","$0.01","$74.95","99.99%"
"210000002387","","","https://www.usedgames.ca/beat-detroit-used-board-game-1972.html?source=bgg","1659","Beat Detroit (1972) (used)","1","$0.01","$0.01","$19.95","99.95%"
"210000002388","","","https://www.usedgames.ca/scrabble-sentence-cube-game-used-board-game-1983.html?source=bgg","2356","Scrabble Sentence Cube Game (1971) (used) (Made in 1983)","1","$0.01","$0.01","$19.95","99.95%"
"210000002390","","","https://www.usedgames.ca/diet-the-cheating-mans-game-used-board-game-1972.html","6193","Diet: The Cheating Man's Game (1972) (used)","1","$0.01","$0.01","$24.95","99.96%"
"210000002391","","","https://www.usedgames.ca/flinch-used-card-game-1963.html?source=bgg","2294","Flinch (1903) (used) (made in 1963)","1","$0.01","$0.01","$24.95","99.96%"
"210000002392","","","https://www.usedgames.ca/pounce-used-card-game-1973-est.html","7263","Pounce (1973) (used)","1","$0.01","$0.01","$14.95","99.93%"
"210000002393","","","https://www.usedgames.ca/snag-used-board-game1968.html?source=bgg","100421","Snag (1968) (used)","1","$0.01","$0.01","$29.95","99.97%"
"210000002397","681706040509","","https://www.usedgames.ca/archaeology-the-card-game-nis-2007.html?source=bgg","31105","Archaeology: The Card Game (2007) (NIS)","1","$0.01","$0.01","$49.95","99.98%"
"210000002398","","","https://www.usedgames.ca/escape-from-atlantis-parts-only-1986.html?source=bgg","24037","Escape from Atlantis (1986) (Parts Only)","1","$0.01","$0.01","$24.95","99.96%"
"210000002399","841333107224","","https://www.usedgames.ca/pandemic-10th-anniversary-edition-painted-figures.html","30549","Pandemic: 10th Anniversary Edition ─ Painted Figures NIS (2018)","1","$0.01","$0.01","$74.95","99.99%"
"210000002400","03350004356","","","3114","Poleconomy (1977) (used) (Made in 1980)","1","$0.00","$0.00","$34.95","100%"
"210000002401","","","https://www.usedgames.ca/emperor-of-china-used-board-game-1972.html?source=bgg","1987","Emperor of China (1972) (used)","1","$0.01","$0.01","$9.95","99.9%"
"210000002402","","","https://www.usedgames.ca/multiopsony-used-board-game-est-1972.html","none","Multiopsony (1972) (used)","1","$0.01","$0.01","$64.95","99.98%"
"210000002403","","","https://www.usedgames.ca/break-the-bank-series-2-used-board-game-est-1960.html","5600","Break the Bank (1955)  (Series 2) (Used) (1960 est.) (R)","1","$0.01","$0.01","$19.95","99.95%"
"210000002409","8594156310523","","https://www.usedgames.ca/letter-jam-used-board-game-2019-hidden.html","275467","Letter Jam Used Board Game (2019)","1","$4.00","$4.00","$14.95","73.24%"
"210000002412","","","https://www.usedgames.ca/copy-of-scrabble-folio-edition-used-board-game-200.html","320","Scrabble (1948) (Folio Edition) (Used) (Grey)","1","$2.00","$2.00","$14.95","86.62%"
"210000002413","","","","","3 Lane  Wooden Cribbage Boards  with pegs Bundle of 10","1","$50.00","$50.00","$95.00","47.37%"
"210000002414","704551042006","","https://www.usedgames.ca/the-racing-horse-game-board-only-2006.html?source=bgg","93039","The Racing Horse Game (2006) (used)","1","$0.01","$0.01","$29.95","99.97%"
"210000002415","","","https://www.usedgames.ca/the-racing-horse-game-board-only-2006.html","93039","The Racing Horse Game (2006) (Board only) (used)","1","$0.01","$0.01","$14.95","99.93%"
"210000002416","772603020074","","https://www.usedgames.ca/fc-strategy-the-ultimate-soccer-board-game-nis-200.html","none","FC Strategy® The Ultimate Soccer Board  Game (2006) (NIS)","1","$6.00","$6.00","$39.95","84.98%"
"210000002418","069545405006","","https://www.usedgames.ca/copy-of-polarity-used-board-game-2006-a-66704561.html?source=bgg","380","Polarity (1986) (used) (C)","1","$0.01","$0.01","$54.95","99.98%"
"210000002420","069545405008","","https://www.usedgames.ca/copy-of-polarity-used-board-game-1986-c.html?source=bgg","380","Polarity (1986) (used)  (D)","1","$0.01","$0.01","$39.95","99.97%"
"210000002421","401035005002","","https://www.usedgames.ca/dschunke-used-board-game-2002.html?source=bgg","3234","Dschunke (2002) (used) (German edition) (D)","1","$0.01","$0.01","$24.95","99.96%"
"210000002425","401035060223","","https://www.usedgames.ca/copy-of-copy-of-dschunke-used-board-game-2002-germ.html?source=bgg","3234","Dschunke (2002) (used) (German edition) (O)","1","$0.01","$0.01","$24.95","99.96%"
"210000002426","4000826012016","","https://www.usedgames.ca/kreta-used-board-game-2005-german-edition.html?source=bgg","15600","Sardegna (2005) (Kreta) (Used) (German edition) (missing one piece and has 1 extra different piece)","1","$0.01","$0.01","$94.95","99.99%"
"210000002427","653569415626","","https://www.usedgames.ca/the-game-of-scattergories-used-board-game-2009.html?source=bgg","2381","Scattergories (1988)  (Used) (Made in 2009)","1","$3.00","$3.00","$18.95","84.17%"
"210000002428","","","https://www.usedgames.ca/switch-away-used-board-game-1973.html?source=bgg","21656","Switch-away (1973) (used)","1","$2.00","$2.00","$24.95","91.98%"
"210000002429","841333101343","","https://www.usedgames.ca/android-mainframe-used-board-game-2016.html","193557","Android: Mainframe Used Board Game (2016)","1","$0.01","$0.01","$22.95","99.96%"
"210000002431","4005556261178","","https://www.usedgames.ca/scotland-yard-used-board-games2000.html?source=bgg","438","Scotland Yard (1983) (used) (Made in 2000)","1","$0.01","$0.01","$27.95","99.96%"
"210000002433","032244041136","","https://www.usedgames.ca/copy-of-guesstures-1991.html?source=bgg","2379","Guesstures (1990) (Made in 1999) (used)","1","$2.00","$2.00","$19.95","89.97%"
"210000002435","","","https://www.usedgames.ca/flying-hats-used-board-game-1890-est.html?source=bgg","16232","Flying Hats (1890) (used)","1","$0.01","$0.01","$12.95","99.92%"
"210000002436","732253102001","","https://www.usedgames.ca/the-farming-game-20-anniversary-edition-used-board.html?source=bgg","5195","The Farming Game (1979) (20 Anniversary edition) (Used) (Made in 1999)","1","$0.01","$0.01","$34.95","99.97%"
"210000002439","","","https://www.usedgames.ca/canukeena-caper-the-game-of-st-albert-alberta-used.html","none","Canukeena Caper The Game of St Albert Alberta Used Board Game (1985 est.)","1","$0.01","$0.01","$34.95","99.97%"
"210000002440","027084287059","","https://www.usedgames.ca/scene-it-007-nis-2004.html?source=bgg","13767","Scene It? 007 (2004) (NIS)","1","$0.01","$0.01","$19.95","99.95%"
"210000002441","","","https://www.usedgames.ca/franchise-mania-nis-1999.html?source=bgg","30267","Franchise Mania (1999) (NIS)","1","$0.01","$0.01","$19.95","99.95%"
"210000002442","773832222536","","https://www.usedgames.ca/bluffers-beware-used-board-game-1992.html?source=bgg","12242","Bluffers Beware (1992) (used)","1","$0.01","$0.01","$34.95","99.97%"
"210000002443","069545500703","","https://www.usedgames.ca/moneywise-used-board-game-1988.html?source=bgg","19748","Moneywise (1988) (used)","1","$0.01","$0.01","$24.95","99.96%"
"210000002447","70390220202101","","https://www.usedgames.ca/jaunty-jalopies-used-board-game-2002-66764359.html?source=bgg","4267","Jaunty Jalopies (2002) (used)","1","$0.01","$0.01","$19.95","99.95%"
"210000002450","008636200014","","https://www.usedgames.ca/empires-of-the-ancient-world-2000-nis.html?source=bgg","870","Empires of the Ancient World (2000) (NIS)","1","$0.01","$0.01","$84.95","99.99%"
"210000002452","350017230208","","https://www.usedgames.ca/kablamo-used-board-game-2004.html?source=bgg","13121","Kablamo (2004) (used)","1","$0.01","$0.01","$18.95","99.95%"
"210000002453","625012014250","","https://www.usedgames.ca/doodle-pix-used-board-game-2007.html","67165","Doodle Pix (2007) (used)","1","$0.01","$0.01","$22.95","99.96%"
"210000002454","","","https://www.usedgames.ca/hawaiian-punch-used-board-game-1978.html?source=bgg","8975","Hawaiian Punch (1978) (used)","1","$0.01","$0.01","$69.95","99.99%"
"210000002455","","","https://www.usedgames.ca/fat-albert-and-the-cosby-kids-used-box-game-1973.html?source=bgg","5705","Fat Albert and the Cosby Kids (1973) (Used)","1","$0.01","$0.01","$44.95","99.98%"
"210000002456","","","https://www.usedgames.ca/downfall-used-board-game-1985.html?source=bgg","1099","Downspin (1970) (Downfall) (Used) (Made in 1985)","1","$0.01","$0.01","$22.95","99.96%"
"210000002457","","","https://www.usedgames.ca/die-check-used-board-game-1972-wooden-pieces.html?source=bgg","8309","Die-Check (1972) (used) (wooden pieces)","1","$0.01","$0.01","$44.95","99.98%"
"210000002460","6672975032661","","","","Monopoly Elton John NIS Board Game (2025)","6","$198.00","$33.00","$59.95","44.95%"
"210000002464","700304159137","","","","Tiny Epic Game of Thrones NIS (2025) Fully Sleeved NEW","1","$24.75","$24.75","$64.95","61.89%"
"210000002478","","","","","Wallenstein (2002) (used)","1","$0.01","$0.01","$44.95","99.98%"
"210000002479","","","https://www.usedgames.ca/12-thieves-2006-the-thief-of-baghdad-version.html","22278","12 Thieves (2006) (The Thief of Baghdad version) (used)","1","$0.01","$0.01","$49.95","99.98%"
"210000002480","","","https://www.usedgames.ca/aton-2005-used.html?source=bgg","19999","Aton (2005) (used)","1","$0.01","$0.01","$19.95","99.95%"
"210000002481","","","https://www.usedgames.ca/word-on-the-street-2009-used.html","40990","Word on the Street (2009) (used)","1","$0.01","$0.01","$19.95","99.95%"
"210000002488","5011921904440","","https://www.usedgames.ca/talisman-revised-4th-edition-2007-this-is-4th-edit.html?source=bgg","714","Talisman (1983)  (4th edition) (NIS) (Made in 2007)","12","$0.00","$0.00","$140.95","100%"
"210000002489","62496812391","","https://www.usedgames.ca/battlelore-scottish-wars-2007.html?source=bgg","32391","BattleLore: Scottish Wars (2007) (NIS) (Expansion)","12","$0.12","$0.01","$59.00","99.98%"
"210000002492","","","https://www.usedgames.ca/glen-more-ii-chronicles.html","265188","Glen More II: Chronicles (Open + Sleeved) Mayday 7077","1","$58.32","$58.32","$123.21","52.67%"
"210000002523","700304159328","","https://www.usedgames.ca/10-days-in-the-national-parks-2025.html","442527","10 Days in the National Parks (2025) (Open+Sleeved) Mayday MDG 7075 Premium Sleeves","6","$135.00","$22.50","$47.39","52.52%"
"210000002524","700304159328","","https://www.usedgames.ca/10-days-in-the-usa-2003-nis.html","7866","10 Days in the USA (2003)  (Open+Sleeved) Mayday MDG 7075 Premium Sleeves","1","$22.00","$22.00","$43.61","49.55%"
"210000002526","700304159540","","","","RISK STRIKE: Game of Thrones (2025) (nis)","1","$22.00","$22.00","$39.95","44.93%"
"210000002533","655132004916","","https://www.usedgames.ca/galaxy-trucker-anniversary-edition-2012-used.html","140068","Galaxy Trucker: Anniversary Edition (2012) (used)","1","$60.00","$60.00","$144.95","58.61%"
"210000002549","8594156310318","","https://www.usedgames.ca/codenames-2015-nis.html","178900","Codenames (2015) NIS","1","$0.01","$0.01","$28.95","99.97%"
"210000002550","3421271303213","","https://www.usedgames.ca/gyges-2011-nis.html","10527","Gyges (2011) NIS","1","$0.01","$0.01","$44.95","99.98%"
"210000002551","04636303550","","https://www.usedgames.ca/buck-rogers-battle-for-the-25th-century-game-1988.html","548","Buck Rogers: Battle for the 25th Century Game (1988) NIS","1","$0.01","$0.01","$169.95","99.99%"
"210000002552","630509701087","","https://www.usedgames.ca/monopoly-gamer-mario-kart-2018.html","249833","Monopoly Gamer: Mario Kart (2018)","1","$4.25","$4.25","$15.95","73.35%"
"210000002553","027054424614","","https://www.usedgames.ca/scene-it-harry-potter-second-edition-2007.html","32683","Scene It? Harry Potter Second Edition (2007)","1","$2.50","$2.50","$12.45","79.92%"
"210000002555","027084424614","","https://www.usedgames.ca/copy-of-scene-it-harry-potter-second-edition-2007.html","32683","Scene It? Harry Potter Second Edition (2007) (B)","1","$0.01","$0.01","$12.45","99.92%"
"210000002556","","","https://www.usedgames.ca/the-struggle-of-nations-1982-used-unpunched.html","5021","The Struggle of Nations (1982) (used Unpunched)","1","$2.50","$2.50","$49.95","94.99%"
"210000002557","732253102001","","https://www.usedgames.ca/the-farming-game-1996-used.html","5195","The Farming Game (1996) Used","1","$3.25","$3.25","$29.95","89.15%"
"210000002559","","","https://www.usedgames.ca/the-struggle-of-nations-1982-used-unpunched-685641.html","5021","The Struggle of Nations (1982) Used (Unpunched)","1","$2.50","$2.50","$49.95","94.99%"
"210000002560","","","https://www.usedgames.ca/masterpiece-1970-used.html","1501","Masterpiece (1970) Used","1","$5.00","$5.00","$34.95","85.69%"
"210000002562","","","https://www.usedgames.ca/copy-of-masterpiece-1970-used.html","1501","Masterpiece (1970) Used (I)","1","$3.50","$3.50","$39.95","91.24%"
"210000002563","09351407964","","https://www.usedgames.ca/relative-insanity-old-farts-2021-family-gatherin-2.html","413304","Relative Insanity: Old Farts (2021) + Family Gatherin' (2021) (Sealed)","1","$3.82","$3.82","$24.95","84.69%"
"210000002564","81001172694","","https://www.usedgames.ca/heroscape-age-of-annihilation-battle-for-the-wells.html","416118","Heroscape: Age of Annihilation – Battle for the Wellspring (2024)","1","$13.50","$13.50","$24.95","45.89%"
"210000002565","540704494234","","https://www.usedgames.ca/delta-2023-hidden.html","368263","Delta (2023) (used)","1","$10.49","$10.49","$54.95","80.91%"
"210000002566","4010350602676","","https://www.usedgames.ca/alhambra-2003.html","6249","Alhambra (2003) Used","1","$10.49","$10.49","$29.95","64.97%"
"210000002567","5908310266664","","https://www.usedgames.ca/legacy-the-testament-of-duke-de-crecy-2014.html","52461","Legacy: The Testament of Duke de Crecy (2014) Used (2nd edition)","1","$0.00","$0.00","$44.95","100%"
"210000002572","","","","159406","Portal: The Uncooperative Cake Acquisition Game (2015) (used) (unused game code)","1","$0.01","$0.01","$44.95","99.98%"
"210000002574","","","","","10 Days in the National Parks (2025) (NIS) (SALE)","4","$76.00","$19.00","$47.39","59.91%"
"210000002576","700304159960","","","420087","Flip 7 (2024) NIS Board Game + Standard Card Game Card Sleeves 100 pack (63.5x88mm)  MDG-7041","13","$85.80","$6.60","$15.95","58.62%"
"210000002581","860009557550","","https://www.usedgames.ca/snap-ships-tactics-starter-box-2023-used-board-gam.html","363841","Snap Ships Tactics Starter Box (2023) Used Board Game","1","$10.49","$10.49","$94.95","88.95%"
"210000002582","027084037739","","https://www.usedgames.ca/break-the-safe-2003-used-safe-has-not-been-tested.html","7824","Break the Safe (2003) (used)","1","$4.99","$4.99","$34.95","85.72%"
"210000002584","","","","","Chess set with matching leatherette chess board","1","$160.00","$160.00","$250.00","36%"
"210000002587","","","https://www.usedgames.ca/command-and-colors-napoleonics-bundle-base-expansi.html","62222","Command and Colors Napoleonics Bundle (Base, + expansion #2,3,4,5 and 6) (Base game open + expansion NIS)","1","$0.01","$0.01","$649.95","100%"
"210000002589","","","","363622","The Castles of Burgundy: Special Edition (2023) Bundle  (Acrylic Tiles,  Acrylic hexes, mat and Special edition base game)","1","$400.00","$400.00","$749.95","46.66%"
"210000002593","195130362705","","https://www.usedgames.ca/ringer-2025-nis-card-game.html","447793","Ringer (2025) NIS Card Game","2","$23.00","$11.50","$22.95","49.89%"
"210000002605","625012109796","","https://www.usedgames.ca/aha-the-game-of-revealing-clues-2025-nis-card-game.html","","Aha! The Game of Revealing Clues (2025) NIS Card Game","1","$10.00","$10.00","$19.95","49.87%"
"210000002615","625012193924","","https://www.usedgames.ca/ape-town-2025.html","412123","Ape Town (2025) NIS Board Game","3","$82.50","$27.50","$47.45","42.04%"
"210000002616","0725765145666","","https://www.usedgames.ca/comet-2023-nis-board-game.html","381078","Comet (2023) NIS Board Game","1","$35.00","$35.00","$69.95","49.96%"
"210000002618","803979077031","","https://www.usedgames.ca/pappy-winchester-2019-nis-board-game.html","281961","Pappy Winchester (2019) NIS Board Game","1","$25.00","$25.00","$49.95","49.95%"
"210000002620","5011921015962","","https://www.usedgames.ca/space-hulk-third-edition-2009-nis-board-game.html","54625","Space Hulk (Third Edition) (2009) NIS Board Game","1","$0.01","$0.01","$474.95","100%"
"210000002621","860002854908","","https://www.usedgames.ca/second-thoughts-2017-nis-board-game.html","284472","Second Thoughts (2017) NIS Board Game","1","$18.50","$18.50","$37.95","51.25%"
"210000002624","65858009058","","https://www.usedgames.ca/forge-2023-nis-board-game.html","358620","Forge (2023) NIS Board Game","1","$50.00","$50.00","$84.95","41.14%"
"210000002629","","","https://www.usedgames.ca/dice-throne-season-one-rerolled-monk-v-paladin-202.html","322562","Dice Throne: Season One ReRolled – Monk v. Paladin (2021) NIS Fully Sleeved","2","$50.58","$25.29","$49.95","49.37%"
"210000002634","","","https://www.usedgames.ca/dice-throne-season-two-seraph-v-vampire-lord-2018.html","266964","Dice Throne: Season Two – Seraph v. Vampire Lord (2018) NIS Fully Sleeved","2","$50.58","$25.29","$49.95","49.37%"
"210000002643","810082830002","","https://www.usedgames.ca/nemos-war-ultimate-edition-new-fully-sleeved.html","187617","Nemo's War Ultimate Edition New Fully Sleeved","1","$128.09","$128.09","$199.95","35.94%"
"210000002644","610165620340","","https://www.usedgames.ca/mindbug-tag-team-2025-nis-card-game-mdg-7077-mayda.html","419647","Mindbug: Tag Team (2025) NIB Card Game + MDG 7077 Mayday Sleeves (50)","1","$16.39","$16.39","$27.95","41.36%"
"210000002645","824968091036","","https://www.usedgames.ca/heat-tunnel-vision-2025-nib-fully-sleeved-new.html","436904","Heat: Tunnel Vision (2025) NIB Board Game Expansion Fully Sleeved NEW","4","$109.76","$27.44","$51.95","47.18%"
"210000002648","","","https://www.usedgames.ca/civolution-2024-new-fully-sleeved.html","400602","Civolution (2024) New Fully Sleeved Board Game","3","$210.00","$70.00","$137.95","49.26%"
"210000002660","810131320522","","https://www.usedgames.ca/speakeasy-nis-fully-sleeved-with-upgrade-pack.html","375459","Speakeasy (2025) NIS fully sleeved with upgrade pack","2","$300.00","$150.00","$257.95","41.85%"
"210000002664","850037822430","","https://www.usedgames.ca/witchcraft-2023-new-fully-sleeved.html","383499","Witchcraft! (2023) New Fully Sleeved","1","$19.35","$19.35","$38.95","50.32%"
"210000002665","850039564529","","https://www.usedgames.ca/foundations-of-metropolis-2024-new-fully-sleeved.html","412865","Foundations of Metropolis (2024) New Fully Sleeved","3","$116.85","$38.95","$68.95","43.51%"
"210000002667","00644216627721","","https://www.usedgames.ca/wingspan-2019-bundle-asia-european-oceania-expansi.html","266192","Wingspan (2019)  Bundle Asia, European, Oceania expansions, Fan Designed Card Packs Set 1, 1 Wingspan Playmat, *Folded Space Insert, and Sleeves","1","$191.25","$191.25","$279.95","31.68%"
"210000002668","","","https://www.usedgames.ca/life-of-the-amazonia-2023-bundle-upgrade-component.html","368305","Life of the Amazonia (2023) Bundle, Upgrade Components pack, Meeple Set, Mini expansion, and Fully Sleeved.","2","$169.30","$84.65","$139.95","39.51%"
"210000002669","","","https://www.usedgames.ca/wyrmspan-2024-bundle-base-game-dragon-academy-1-ru.html","453406","Wyrmspan (2024) Bundle: Base Game, Dragon Academy, 1 Rubber Playmat, Upgrade Pack and Sleeves.","1","$115.60","$115.60","$159.95","27.73%"
"210000002670","856934004726","","https://www.usedgames.ca/dungeon-kart-2024-fully-sleeved.html","398032","Dungeon Kart (2024) Fully Sleeved","3","$121.50","$40.50","$83.95","51.76%"
"210000002672","85003218559","","https://www.usedgames.ca/apiary-2023-apiary-expanding-the-hive-2024-with-ma.html","427705","Apiary (2023) ,  Apiary: Expanding the Hive (2024) With Mayday premium Slevees","1","$79.55","$79.55","$129.95","38.78%"
"210000002673","5060716751059","","","426513","Emberleaf (2025) , Emberleaf: Trophies & Bonuses (2025) With Mayday premium Sleeves","2","$143.80","$71.90","$114.95","37.45%"
"210000002674","748252980618","","https://www.usedgames.ca/viticulture-essential-edition-2015-bundle-tuscany.html","128621","Viticulture Essential Edition (2015) Bundle, Tuscany Essential Edition, Viticulture World, Moor Visitors Expansion, Visit from the Rhine Valley, Wine Crate and MDG sleeves","1","$182.50","$182.50","$299.95","39.16%"
"210000002675","850032180931","","https://www.usedgames.ca/finspan-2025nis-fully-sleeved.html","436126","Finspan (2025) NIS fully sleeved","1","$41.50","$41.50","$69.95","40.67%"
"210000002676","644216627721","","https://www.usedgames.ca/wingspan-2019-nis-fully-sleeved.html","266192","Wingspan (2019) NIS Fully Sleeved","1","$49.90","$49.90","$84.95","41.26%"
"210000002677","850032180917","","https://www.usedgames.ca/stamp-swap-2024-nis-fully-sleeved.html","426796","Stamp Swap (2024) NIS Fully Sleeved","1","$30.15","$30.15","$55.95","46.11%"
"210000002678","850032180986","","https://www.usedgames.ca/between-two-castles-essential-edition-2025-nis-ful.html","437698","Between Two Castles: Essential Edition (2025) NIS Fully Sleeved","1","$41.50","$41.50","$67.95","38.93%"
"210000002687","5070003169405","","https://www.usedgames.ca/old-kings-crown-pre-order.html","357873","Old King's Crown (With Sleeves) Pre-order","1","$64.04","$64.04","$99.00","35.31%"
"210000002693","4250231739545","","https://www.usedgames.ca/bomb-busters-2024-nis-fully-sleeved-69457567.html","413246","Bomb Busters (2024) NIS Fully Sleeved","8","$304.80","$38.10","$59.95","36.45%"
"210000002698","","","https://www.usedgames.ca/magic-realm-1979-1st-edition-used-board-game.html","22","Magic Realm (1979) 1st edition Used Board Game","1","$0.00","$0.00","$229.95","100%"
